"ProteinName","PeptideSequence","PrecursorCharge","FragmentIon","ProductCharge","IsotopeLabelType","Condition","BioReplicate","Run","Intensity"
"Q16795","DAFPEAIIVKPSDIFGR",3,"y14",2,"L","NAT",4,"CPTAC_CCRCC_W_JHU_20190112_LUMOS_C3N-00577_NAT",114645.4844
"Q16795","DAFPEAIIVKPSDIFGR",3,"y7",1,"L","NAT",4,"CPTAC_CCRCC_W_JHU_20190112_LUMOS_C3N-00577_NAT",1079064.5
"Q16795","DAFPEAIIVKPSDIFGR",3,"y8",1,"L","NAT",4,"CPTAC_CCRCC_W_JHU_20190112_LUMOS_C3N-00577_NAT",447137.4062
"Q16795","DAFPEAIIVKPSDIFGR",3,"y12",2,"L","NAT",4,"CPTAC_CCRCC_W_JHU_20190112_LUMOS_C3N-00577_NAT",118254.4375
"Q16795","DAFPEAIIVKPSDIFGR",3,"y9",1,"L","NAT",4,"CPTAC_CCRCC_W_JHU_20190112_LUMOS_C3N-00577_NAT",520388.875
"Q16795","DAFPEAIIVKPSDIFGR",3,"y13",2,"L","NAT",4,"CPTAC_CCRCC_W_JHU_20190112_LUMOS_C3N-00577_NAT",39369.75
"Q16795","DAFPEAIIVKPSDIFGR",3,"y10",1,"L","NAT",4,"CPTAC_CCRCC_W_JHU_20190112_LUMOS_C3N-00577_NAT",381893.75
"Q16795","DAFPEAIIVKPSDIFGR",3,"y4",1,"L","NAT",4,"CPTAC_CCRCC_W_JHU_20190112_LUMOS_C3N-00577_NAT",271365.8438
"Q16795","DAFPEAIIVKPSDIFGR",3,"y10",2,"L","NAT",4,"CPTAC_CCRCC_W_JHU_20190112_LUMOS_C3N-00577_NAT",43593.97656
"Q16795","DAFPEAIIVKPSDIFGR",3,"b3",1,"L","NAT",4,"CPTAC_CCRCC_W_JHU_20190112_LUMOS_C3N-00577_NAT",52844.86328
"Q16795","DAFPEAIIVKPSDIFGR",3,"y11",2,"L","NAT",4,"CPTAC_CCRCC_W_JHU_20190112_LUMOS_C3N-00577_NAT",26873.98633
"Q16795","DAFPEAIIVKPSDIFGR",3,"y14",2,"L","NAT",1,"CPTAC_CCRCC_W_JHU_20190112_LUMOS_C3L-00418_NAT",11038.34277
"Q16795","DAFPEAIIVKPSDIFGR",3,"y7",1,"L","NAT",1,"CPTAC_CCRCC_W_JHU_20190112_LUMOS_C3L-00418_NAT",1157710.625
"Q16795","DAFPEAIIVKPSDIFGR",3,"y8",1,"L","NAT",1,"CPTAC_CCRCC_W_JHU_20190112_LUMOS_C3L-00418_NAT",447973.9688
"Q16795","DAFPEAIIVKPSDIFGR",3,"y12",2,"L","NAT",1,"CPTAC_CCRCC_W_JHU_20190112_LUMOS_C3L-00418_NAT",92428.1875
"Q16795","DAFPEAIIVKPSDIFGR",3,"y9",1,"L","NAT",1,"CPTAC_CCRCC_W_JHU_20190112_LUMOS_C3L-00418_NAT",540810.4375
"Q16795","DAFPEAIIVKPSDIFGR",3,"y13",2,"L","NAT",1,"CPTAC_CCRCC_W_JHU_20190112_LUMOS_C3L-00418_NAT",21400.98438
"Q16795","DAFPEAIIVKPSDIFGR",3,"y10",1,"L","NAT",1,"CPTAC_CCRCC_W_JHU_20190112_LUMOS_C3L-00418_NAT",394826
"Q16795","DAFPEAIIVKPSDIFGR",3,"y4",1,"L","NAT",1,"CPTAC_CCRCC_W_JHU_20190112_LUMOS_C3L-00418_NAT",304393.4062
"Q16795","DAFPEAIIVKPSDIFGR",3,"y10",2,"L","NAT",1,"CPTAC_CCRCC_W_JHU_20190112_LUMOS_C3L-00418_NAT",2573.168701
"Q16795","DAFPEAIIVKPSDIFGR",3,"b3",1,"L","NAT",1,"CPTAC_CCRCC_W_JHU_20190112_LUMOS_C3L-00418_NAT",50332.19531
"Q16795","DAFPEAIIVKPSDIFGR",3,"y11",2,"L","NAT",1,"CPTAC_CCRCC_W_JHU_20190112_LUMOS_C3L-00418_NAT",11349.69727
"Q16795","DAFPEAIIVKPSDIFGR",3,"y14",2,"L","T",4,"CPTAC_CCRCC_W_JHU_20190112_LUMOS_C3N-00577_T",23830.90625
"Q16795","DAFPEAIIVKPSDIFGR",3,"y7",1,"L","T",4,"CPTAC_CCRCC_W_JHU_20190112_LUMOS_C3N-00577_T",125514.1094
"Q16795","DAFPEAIIVKPSDIFGR",3,"y8",1,"L","T",4,"CPTAC_CCRCC_W_JHU_20190112_LUMOS_C3N-00577_T",42936.21094
"Q16795","DAFPEAIIVKPSDIFGR",3,"y12",2,"L","T",4,"CPTAC_CCRCC_W_JHU_20190112_LUMOS_C3N-00577_T",44480.74219
"Q16795","DAFPEAIIVKPSDIFGR",3,"y9",1,"L","T",4,"CPTAC_CCRCC_W_JHU_20190112_LUMOS_C3N-00577_T",27677.6875
"Q16795","DAFPEAIIVKPSDIFGR",3,"y10",1,"L","T",4,"CPTAC_CCRCC_W_JHU_20190112_LUMOS_C3N-00577_T",18665.27539
"Q16795","DAFPEAIIVKPSDIFGR",3,"y10",2,"L","T",4,"CPTAC_CCRCC_W_JHU_20190112_LUMOS_C3N-00577_T",15447.9707
"Q16795","DAFPEAIIVKPSDIFGR",3,"b3",1,"L","T",4,"CPTAC_CCRCC_W_JHU_20190112_LUMOS_C3N-00577_T",32376.48438
"Q16795","DAFPEAIIVKPSDIFGR",3,"y14",2,"L","NAT",5,"CPTAC_CCRCC_W_JHU_20190112_LUMOS_C3N-00733_NAT",176088.2031
"Q16795","DAFPEAIIVKPSDIFGR",3,"y7",1,"L","NAT",5,"CPTAC_CCRCC_W_JHU_20190112_LUMOS_C3N-00733_NAT",1421213.875
"Q16795","DAFPEAIIVKPSDIFGR",3,"y8",1,"L","NAT",5,"CPTAC_CCRCC_W_JHU_20190112_LUMOS_C3N-00733_NAT",560060.5625
"Q16795","DAFPEAIIVKPSDIFGR",3,"y12",2,"L","NAT",5,"CPTAC_CCRCC_W_JHU_20190112_LUMOS_C3N-00733_NAT",192718.0469
"Q16795","DAFPEAIIVKPSDIFGR",3,"y9",1,"L","NAT",5,"CPTAC_CCRCC_W_JHU_20190112_LUMOS_C3N-00733_NAT",651528.125
"Q16795","DAFPEAIIVKPSDIFGR",3,"y13",2,"L","NAT",5,"CPTAC_CCRCC_W_JHU_20190112_LUMOS_C3N-00733_NAT",48383.94531
"Q16795","DAFPEAIIVKPSDIFGR",3,"y10",1,"L","NAT",5,"CPTAC_CCRCC_W_JHU_20190112_LUMOS_C3N-00733_NAT",486212.8125
"Q16795","DAFPEAIIVKPSDIFGR",3,"y4",1,"L","NAT",5,"CPTAC_CCRCC_W_JHU_20190112_LUMOS_C3N-00733_NAT",333386.8125
"Q16795","DAFPEAIIVKPSDIFGR",3,"y10",2,"L","NAT",5,"CPTAC_CCRCC_W_JHU_20190112_LUMOS_C3N-00733_NAT",28934.21094
"Q16795","DAFPEAIIVKPSDIFGR",3,"b3",1,"L","NAT",5,"CPTAC_CCRCC_W_JHU_20190112_LUMOS_C3N-00733_NAT",78778.29688
"Q16795","DAFPEAIIVKPSDIFGR",3,"y11",2,"L","NAT",5,"CPTAC_CCRCC_W_JHU_20190112_LUMOS_C3N-00733_NAT",33901.37109
"Q16795","DAFPEAIIVKPSDIFGR",3,"y14",2,"L","T",5,"CPTAC_CCRCC_W_JHU_20190112_LUMOS_C3N-00733_T",12253.20605
"Q16795","DAFPEAIIVKPSDIFGR",3,"y7",1,"L","T",5,"CPTAC_CCRCC_W_JHU_20190112_LUMOS_C3N-00733_T",135119.6094
"Q16795","DAFPEAIIVKPSDIFGR",3,"y8",1,"L","T",5,"CPTAC_CCRCC_W_JHU_20190112_LUMOS_C3N-00733_T",60034.92578
"Q16795","DAFPEAIIVKPSDIFGR",3,"y12",2,"L","T",5,"CPTAC_CCRCC_W_JHU_20190112_LUMOS_C3N-00733_T",151438.2656
"Q16795","DAFPEAIIVKPSDIFGR",3,"y9",1,"L","T",5,"CPTAC_CCRCC_W_JHU_20190112_LUMOS_C3N-00733_T",34385.78125
"Q16795","DAFPEAIIVKPSDIFGR",3,"y10",1,"L","T",5,"CPTAC_CCRCC_W_JHU_20190112_LUMOS_C3N-00733_T",44312.96875
"Q16795","DAFPEAIIVKPSDIFGR",3,"y4",1,"L","T",5,"CPTAC_CCRCC_W_JHU_20190112_LUMOS_C3N-00733_T",31026.16016
"Q16795","DAFPEAIIVKPSDIFGR",3,"y10",2,"L","T",5,"CPTAC_CCRCC_W_JHU_20190112_LUMOS_C3N-00733_T",4199.422852
"Q16795","DAFPEAIIVKPSDIFGR",3,"b3",1,"L","T",5,"CPTAC_CCRCC_W_JHU_20190112_LUMOS_C3N-00733_T",37456.80078
"Q16795","DAFPEAIIVKPSDIFGR",3,"y14",2,"L","NAT",3,"CPTAC_CCRCC_W_JHU_20190112_LUMOS_C3L-01882_NAT",103557.8281
"Q16795","DAFPEAIIVKPSDIFGR",3,"y7",1,"L","NAT",3,"CPTAC_CCRCC_W_JHU_20190112_LUMOS_C3L-01882_NAT",791200.125
"Q16795","DAFPEAIIVKPSDIFGR",3,"y8",1,"L","NAT",3,"CPTAC_CCRCC_W_JHU_20190112_LUMOS_C3L-01882_NAT",275746.0312
"Q16795","DAFPEAIIVKPSDIFGR",3,"y12",2,"L","NAT",3,"CPTAC_CCRCC_W_JHU_20190112_LUMOS_C3L-01882_NAT",165733.2344
"Q16795","DAFPEAIIVKPSDIFGR",3,"y9",1,"L","NAT",3,"CPTAC_CCRCC_W_JHU_20190112_LUMOS_C3L-01882_NAT",359074
"Q16795","DAFPEAIIVKPSDIFGR",3,"y13",2,"L","NAT",3,"CPTAC_CCRCC_W_JHU_20190112_LUMOS_C3L-01882_NAT",50015.77734
"Q16795","DAFPEAIIVKPSDIFGR",3,"y10",1,"L","NAT",3,"CPTAC_CCRCC_W_JHU_20190112_LUMOS_C3L-01882_NAT",238211.5
"Q16795","DAFPEAIIVKPSDIFGR",3,"y4",1,"L","NAT",3,"CPTAC_CCRCC_W_JHU_20190112_LUMOS_C3L-01882_NAT",174694.7344
"Q16795","DAFPEAIIVKPSDIFGR",3,"y10",2,"L","NAT",3,"CPTAC_CCRCC_W_JHU_20190112_LUMOS_C3L-01882_NAT",12398.66699
"Q16795","DAFPEAIIVKPSDIFGR",3,"b3",1,"L","NAT",3,"CPTAC_CCRCC_W_JHU_20190112_LUMOS_C3L-01882_NAT",69898.60156
"Q16795","DAFPEAIIVKPSDIFGR",3,"y11",2,"L","NAT",3,"CPTAC_CCRCC_W_JHU_20190112_LUMOS_C3L-01882_NAT",27009.39453
"Q16795","DAFPEAIIVKPSDIFGR",3,"y14",2,"L","T",2,"CPTAC_CCRCC_W_JHU_20190112_LUMOS_C3L-00606_T",15132.91895
"Q16795","DAFPEAIIVKPSDIFGR",3,"y7",1,"L","T",2,"CPTAC_CCRCC_W_JHU_20190112_LUMOS_C3L-00606_T",317426.6562
"Q16795","DAFPEAIIVKPSDIFGR",3,"y8",1,"L","T",2,"CPTAC_CCRCC_W_JHU_20190112_LUMOS_C3L-00606_T",133233.1875
"Q16795","DAFPEAIIVKPSDIFGR",3,"y12",2,"L","T",2,"CPTAC_CCRCC_W_JHU_20190112_LUMOS_C3L-00606_T",141936.1562
"Q16795","DAFPEAIIVKPSDIFGR",3,"y9",1,"L","T",2,"CPTAC_CCRCC_W_JHU_20190112_LUMOS_C3L-00606_T",147619.9375
"Q16795","DAFPEAIIVKPSDIFGR",3,"y13",2,"L","T",2,"CPTAC_CCRCC_W_JHU_20190112_LUMOS_C3L-00606_T",2857.48999
"Q16795","DAFPEAIIVKPSDIFGR",3,"y10",1,"L","T",2,"CPTAC_CCRCC_W_JHU_20190112_LUMOS_C3L-00606_T",124189.1094
"Q16795","DAFPEAIIVKPSDIFGR",3,"y4",1,"L","T",2,"CPTAC_CCRCC_W_JHU_20190112_LUMOS_C3L-00606_T",73925.54688
"Q16795","DAFPEAIIVKPSDIFGR",3,"b3",1,"L","T",2,"CPTAC_CCRCC_W_JHU_20190112_LUMOS_C3L-00606_T",9727.347656
"Q16795","DAFPEAIIVKPSDIFGR",3,"y14",2,"L","NAT",2,"CPTAC_CCRCC_W_JHU_20190112_LUMOS_C3L-00606_NAT",42656.13281
"Q16795","DAFPEAIIVKPSDIFGR",3,"y7",1,"L","NAT",2,"CPTAC_CCRCC_W_JHU_20190112_LUMOS_C3L-00606_NAT",2131459.5
"Q16795","DAFPEAIIVKPSDIFGR",3,"y8",1,"L","NAT",2,"CPTAC_CCRCC_W_JHU_20190112_LUMOS_C3L-00606_NAT",829408.5
"Q16795","DAFPEAIIVKPSDIFGR",3,"y12",2,"L","NAT",2,"CPTAC_CCRCC_W_JHU_20190112_LUMOS_C3L-00606_NAT",48760.25391
"Q16795","DAFPEAIIVKPSDIFGR",3,"y9",1,"L","NAT",2,"CPTAC_CCRCC_W_JHU_20190112_LUMOS_C3L-00606_NAT",999982.75
"Q16795","DAFPEAIIVKPSDIFGR",3,"y13",2,"L","NAT",2,"CPTAC_CCRCC_W_JHU_20190112_LUMOS_C3L-00606_NAT",39607.33594
"Q16795","DAFPEAIIVKPSDIFGR",3,"y10",1,"L","NAT",2,"CPTAC_CCRCC_W_JHU_20190112_LUMOS_C3L-00606_NAT",742378.0625
"Q16795","DAFPEAIIVKPSDIFGR",3,"y4",1,"L","NAT",2,"CPTAC_CCRCC_W_JHU_20190112_LUMOS_C3L-00606_NAT",561145.25
"Q16795","DAFPEAIIVKPSDIFGR",3,"y10",2,"L","NAT",2,"CPTAC_CCRCC_W_JHU_20190112_LUMOS_C3L-00606_NAT",4739.742676
"Q16795","DAFPEAIIVKPSDIFGR",3,"b3",1,"L","NAT",2,"CPTAC_CCRCC_W_JHU_20190112_LUMOS_C3L-00606_NAT",70520.33594
"Q16795","DAFPEAIIVKPSDIFGR",3,"y11",2,"L","NAT",2,"CPTAC_CCRCC_W_JHU_20190112_LUMOS_C3L-00606_NAT",34405.19141
"O43242","ELDTVTLEDIK",2,"y6",1,"L","NAT",4,"CPTAC_CCRCC_W_JHU_20190112_LUMOS_C3N-00577_NAT",581043.4375
"O43242","ELDTVTLEDIK",2,"y9",1,"L","NAT",4,"CPTAC_CCRCC_W_JHU_20190112_LUMOS_C3N-00577_NAT",352779.4688
"O43242","ELDTVTLEDIK",2,"y7",1,"L","NAT",4,"CPTAC_CCRCC_W_JHU_20190112_LUMOS_C3N-00577_NAT",181821.4688
"O43242","ELDTVTLEDIK",2,"y8",1,"L","NAT",4,"CPTAC_CCRCC_W_JHU_20190112_LUMOS_C3N-00577_NAT",79329.0625
"O43242","ELDTVTLEDIK",2,"y5",1,"L","NAT",4,"CPTAC_CCRCC_W_JHU_20190112_LUMOS_C3N-00577_NAT",243200.6562
"O43242","ELDTVTLEDIK",2,"y4",1,"L","NAT",4,"CPTAC_CCRCC_W_JHU_20190112_LUMOS_C3N-00577_NAT",191912.25
"O43242","ELDTVTLEDIK",2,"y3",1,"L","NAT",4,"CPTAC_CCRCC_W_JHU_20190112_LUMOS_C3N-00577_NAT",297127.9688
"O43242","ELDTVTLEDIK",2,"b3",1,"L","NAT",4,"CPTAC_CCRCC_W_JHU_20190112_LUMOS_C3N-00577_NAT",300902.2812
"O43242","ELDTVTLEDIK",2,"b4",1,"L","NAT",4,"CPTAC_CCRCC_W_JHU_20190112_LUMOS_C3N-00577_NAT",435698.375
"O43242","ELDTVTLEDIK",2,"y10",1,"L","NAT",4,"CPTAC_CCRCC_W_JHU_20190112_LUMOS_C3N-00577_NAT",25334.61523
"O43242","ELDTVTLEDIK",2,"y7",2,"L","NAT",4,"CPTAC_CCRCC_W_JHU_20190112_LUMOS_C3N-00577_NAT",5725.14502
"O43242","ELDTVTLEDIK",2,"b5",1,"L","NAT",4,"CPTAC_CCRCC_W_JHU_20190112_LUMOS_C3N-00577_NAT",137489.1719
"O43242","ELDTVTLEDIK",2,"y6",1,"L","NAT",1,"CPTAC_CCRCC_W_JHU_20190112_LUMOS_C3L-00418_NAT",1317339.875
"O43242","ELDTVTLEDIK",2,"y9",1,"L","NAT",1,"CPTAC_CCRCC_W_JHU_20190112_LUMOS_C3L-00418_NAT",773542.875
"O43242","ELDTVTLEDIK",2,"y7",1,"L","NAT",1,"CPTAC_CCRCC_W_JHU_20190112_LUMOS_C3L-00418_NAT",503650.4375
"O43242","ELDTVTLEDIK",2,"y8",1,"L","NAT",1,"CPTAC_CCRCC_W_JHU_20190112_LUMOS_C3L-00418_NAT",312619.3438
"O43242","ELDTVTLEDIK",2,"y5",1,"L","NAT",1,"CPTAC_CCRCC_W_JHU_20190112_LUMOS_C3L-00418_NAT",380761.5625
"O43242","ELDTVTLEDIK",2,"y4",1,"L","NAT",1,"CPTAC_CCRCC_W_JHU_20190112_LUMOS_C3L-00418_NAT",139622.5781
"O43242","ELDTVTLEDIK",2,"y3",1,"L","NAT",1,"CPTAC_CCRCC_W_JHU_20190112_LUMOS_C3L-00418_NAT",418220.0625
"O43242","ELDTVTLEDIK",2,"b3",1,"L","NAT",1,"CPTAC_CCRCC_W_JHU_20190112_LUMOS_C3L-00418_NAT",509037.875
"O43242","ELDTVTLEDIK",2,"b4",1,"L","NAT",1,"CPTAC_CCRCC_W_JHU_20190112_LUMOS_C3L-00418_NAT",796348.5625
"O43242","ELDTVTLEDIK",2,"y10",1,"L","NAT",1,"CPTAC_CCRCC_W_JHU_20190112_LUMOS_C3L-00418_NAT",54605.375
"O43242","ELDTVTLEDIK",2,"y7",2,"L","NAT",1,"CPTAC_CCRCC_W_JHU_20190112_LUMOS_C3L-00418_NAT",7080.922852
"O43242","ELDTVTLEDIK",2,"b5",1,"L","NAT",1,"CPTAC_CCRCC_W_JHU_20190112_LUMOS_C3L-00418_NAT",167254.8125
"O43242","ELDTVTLEDIK",2,"y6",1,"L","T",4,"CPTAC_CCRCC_W_JHU_20190112_LUMOS_C3N-00577_T",3621873.25
"O43242","ELDTVTLEDIK",2,"y9",1,"L","T",4,"CPTAC_CCRCC_W_JHU_20190112_LUMOS_C3N-00577_T",4261555.5
"O43242","ELDTVTLEDIK",2,"y7",1,"L","T",4,"CPTAC_CCRCC_W_JHU_20190112_LUMOS_C3N-00577_T",289953.75
"O43242","ELDTVTLEDIK",2,"y5",1,"L","T",4,"CPTAC_CCRCC_W_JHU_20190112_LUMOS_C3N-00577_T",421917.0938
"O43242","ELDTVTLEDIK",2,"y4",1,"L","T",4,"CPTAC_CCRCC_W_JHU_20190112_LUMOS_C3N-00577_T",335001.9688
"O43242","ELDTVTLEDIK",2,"y3",1,"L","T",4,"CPTAC_CCRCC_W_JHU_20190112_LUMOS_C3N-00577_T",561123.3125
"O43242","ELDTVTLEDIK",2,"b3",1,"L","T",4,"CPTAC_CCRCC_W_JHU_20190112_LUMOS_C3N-00577_T",501023.6562
"O43242","ELDTVTLEDIK",2,"b4",1,"L","T",4,"CPTAC_CCRCC_W_JHU_20190112_LUMOS_C3N-00577_T",680041.5625
"O43242","ELDTVTLEDIK",2,"b5",1,"L","T",4,"CPTAC_CCRCC_W_JHU_20190112_LUMOS_C3N-00577_T",240432.7188
"O43242","ELDTVTLEDIK",2,"y6",1,"L","NAT",5,"CPTAC_CCRCC_W_JHU_20190112_LUMOS_C3N-00733_NAT",521987.1875
"O43242","ELDTVTLEDIK",2,"y9",1,"L","NAT",5,"CPTAC_CCRCC_W_JHU_20190112_LUMOS_C3N-00733_NAT",253828.7188
"O43242","ELDTVTLEDIK",2,"y7",1,"L","NAT",5,"CPTAC_CCRCC_W_JHU_20190112_LUMOS_C3N-00733_NAT",111634.0781
"O43242","ELDTVTLEDIK",2,"y8",1,"L","NAT",5,"CPTAC_CCRCC_W_JHU_20190112_LUMOS_C3N-00733_NAT",95132.23438
"O43242","ELDTVTLEDIK",2,"y5",1,"L","NAT",5,"CPTAC_CCRCC_W_JHU_20190112_LUMOS_C3N-00733_NAT",205628.6562
"O43242","ELDTVTLEDIK",2,"y4",1,"L","NAT",5,"CPTAC_CCRCC_W_JHU_20190112_LUMOS_C3N-00733_NAT",165293.2969
"O43242","ELDTVTLEDIK",2,"y3",1,"L","NAT",5,"CPTAC_CCRCC_W_JHU_20190112_LUMOS_C3N-00733_NAT",264378.375
"O43242","ELDTVTLEDIK",2,"b3",1,"L","NAT",5,"CPTAC_CCRCC_W_JHU_20190112_LUMOS_C3N-00733_NAT",272562.0625
"O43242","ELDTVTLEDIK",2,"b4",1,"L","NAT",5,"CPTAC_CCRCC_W_JHU_20190112_LUMOS_C3N-00733_NAT",469473.0938
"O43242","ELDTVTLEDIK",2,"y10",1,"L","NAT",5,"CPTAC_CCRCC_W_JHU_20190112_LUMOS_C3N-00733_NAT",1905.649414
"O43242","ELDTVTLEDIK",2,"y7",2,"L","NAT",5,"CPTAC_CCRCC_W_JHU_20190112_LUMOS_C3N-00733_NAT",2052.833496
"O43242","ELDTVTLEDIK",2,"b5",1,"L","NAT",5,"CPTAC_CCRCC_W_JHU_20190112_LUMOS_C3N-00733_NAT",135599.0625
"O43242","ELDTVTLEDIK",2,"y6",1,"L","NAT",3,"CPTAC_CCRCC_W_JHU_20190112_LUMOS_C3L-01882_NAT",3181413.5
"O43242","ELDTVTLEDIK",2,"y9",1,"L","NAT",3,"CPTAC_CCRCC_W_JHU_20190112_LUMOS_C3L-01882_NAT",1583023.625
"O43242","ELDTVTLEDIK",2,"y7",1,"L","NAT",3,"CPTAC_CCRCC_W_JHU_20190112_LUMOS_C3L-01882_NAT",1087926.875
"O43242","ELDTVTLEDIK",2,"y8",1,"L","NAT",3,"CPTAC_CCRCC_W_JHU_20190112_LUMOS_C3L-01882_NAT",668809
"O43242","ELDTVTLEDIK",2,"y5",1,"L","NAT",3,"CPTAC_CCRCC_W_JHU_20190112_LUMOS_C3L-01882_NAT",687438.5625
"O43242","ELDTVTLEDIK",2,"y4",1,"L","NAT",3,"CPTAC_CCRCC_W_JHU_20190112_LUMOS_C3L-01882_NAT",814793.8125
"O43242","ELDTVTLEDIK",2,"y3",1,"L","NAT",3,"CPTAC_CCRCC_W_JHU_20190112_LUMOS_C3L-01882_NAT",841948.25
"O43242","ELDTVTLEDIK",2,"b3",1,"L","NAT",3,"CPTAC_CCRCC_W_JHU_20190112_LUMOS_C3L-01882_NAT",931435.5
"O43242","ELDTVTLEDIK",2,"b4",1,"L","NAT",3,"CPTAC_CCRCC_W_JHU_20190112_LUMOS_C3L-01882_NAT",1600130
"O43242","ELDTVTLEDIK",2,"y10",1,"L","NAT",3,"CPTAC_CCRCC_W_JHU_20190112_LUMOS_C3L-01882_NAT",12038.36621
"O43242","ELDTVTLEDIK",2,"b5",1,"L","NAT",3,"CPTAC_CCRCC_W_JHU_20190112_LUMOS_C3L-01882_NAT",352076.5938
"O43242","ELDTVTLEDIK",2,"y6",1,"L","T",1,"CPTAC_CCRCC_W_JHU_20190112_LUMOS_C3L-00418_T",1642897.375
"O43242","ELDTVTLEDIK",2,"y9",1,"L","T",1,"CPTAC_CCRCC_W_JHU_20190112_LUMOS_C3L-00418_T",1871045.25
"O43242","ELDTVTLEDIK",2,"y7",1,"L","T",1,"CPTAC_CCRCC_W_JHU_20190112_LUMOS_C3L-00418_T",586401.6875
"O43242","ELDTVTLEDIK",2,"y8",1,"L","T",1,"CPTAC_CCRCC_W_JHU_20190112_LUMOS_C3L-00418_T",399321.8125
"O43242","ELDTVTLEDIK",2,"y5",1,"L","T",1,"CPTAC_CCRCC_W_JHU_20190112_LUMOS_C3L-00418_T",459587.6562
"O43242","ELDTVTLEDIK",2,"y4",1,"L","T",1,"CPTAC_CCRCC_W_JHU_20190112_LUMOS_C3L-00418_T",283764.25
"O43242","ELDTVTLEDIK",2,"y3",1,"L","T",1,"CPTAC_CCRCC_W_JHU_20190112_LUMOS_C3L-00418_T",477266.5625
"O43242","ELDTVTLEDIK",2,"b3",1,"L","T",1,"CPTAC_CCRCC_W_JHU_20190112_LUMOS_C3L-00418_T",426424.3438
"O43242","ELDTVTLEDIK",2,"b4",1,"L","T",1,"CPTAC_CCRCC_W_JHU_20190112_LUMOS_C3L-00418_T",790951.8125
"O43242","ELDTVTLEDIK",2,"y10",1,"L","T",1,"CPTAC_CCRCC_W_JHU_20190112_LUMOS_C3L-00418_T",53493.60938
"O43242","ELDTVTLEDIK",2,"b5",1,"L","T",1,"CPTAC_CCRCC_W_JHU_20190112_LUMOS_C3L-00418_T",159130.75
"O43242","ELDTVTLEDIK",2,"y6",1,"L","T",2,"CPTAC_CCRCC_W_JHU_20190112_LUMOS_C3L-00606_T",1969210
"O43242","ELDTVTLEDIK",2,"y9",1,"L","T",2,"CPTAC_CCRCC_W_JHU_20190112_LUMOS_C3L-00606_T",1329638.625
"O43242","ELDTVTLEDIK",2,"y7",1,"L","T",2,"CPTAC_CCRCC_W_JHU_20190112_LUMOS_C3L-00606_T",573429.625
"O43242","ELDTVTLEDIK",2,"y8",1,"L","T",2,"CPTAC_CCRCC_W_JHU_20190112_LUMOS_C3L-00606_T",405092.6562
"O43242","ELDTVTLEDIK",2,"y5",1,"L","T",2,"CPTAC_CCRCC_W_JHU_20190112_LUMOS_C3L-00606_T",556095.4375
"O43242","ELDTVTLEDIK",2,"y4",1,"L","T",2,"CPTAC_CCRCC_W_JHU_20190112_LUMOS_C3L-00606_T",512298.5
"O43242","ELDTVTLEDIK",2,"y3",1,"L","T",2,"CPTAC_CCRCC_W_JHU_20190112_LUMOS_C3L-00606_T",551437.5
"O43242","ELDTVTLEDIK",2,"b3",1,"L","T",2,"CPTAC_CCRCC_W_JHU_20190112_LUMOS_C3L-00606_T",674339.5
"O43242","ELDTVTLEDIK",2,"b4",1,"L","T",2,"CPTAC_CCRCC_W_JHU_20190112_LUMOS_C3L-00606_T",1175603.375
"O43242","ELDTVTLEDIK",2,"y10",1,"L","T",2,"CPTAC_CCRCC_W_JHU_20190112_LUMOS_C3L-00606_T",68265.875
"O43242","ELDTVTLEDIK",2,"y7",2,"L","T",2,"CPTAC_CCRCC_W_JHU_20190112_LUMOS_C3L-00606_T",3054.074951
"O43242","ELDTVTLEDIK",2,"b5",1,"L","T",2,"CPTAC_CCRCC_W_JHU_20190112_LUMOS_C3L-00606_T",220296.6406
"O43242","ELDTVTLEDIK",2,"y6",1,"L","NAT",2,"CPTAC_CCRCC_W_JHU_20190112_LUMOS_C3L-00606_NAT",1589541.75
"O43242","ELDTVTLEDIK",2,"y9",1,"L","NAT",2,"CPTAC_CCRCC_W_JHU_20190112_LUMOS_C3L-00606_NAT",2444132
"O43242","ELDTVTLEDIK",2,"y7",1,"L","NAT",2,"CPTAC_CCRCC_W_JHU_20190112_LUMOS_C3L-00606_NAT",139258.4219
"O43242","ELDTVTLEDIK",2,"y8",1,"L","NAT",2,"CPTAC_CCRCC_W_JHU_20190112_LUMOS_C3L-00606_NAT",139330.1406
"O43242","ELDTVTLEDIK",2,"y5",1,"L","NAT",2,"CPTAC_CCRCC_W_JHU_20190112_LUMOS_C3L-00606_NAT",322556.1875
"O43242","ELDTVTLEDIK",2,"y4",1,"L","NAT",2,"CPTAC_CCRCC_W_JHU_20190112_LUMOS_C3L-00606_NAT",71200.21875
"O43242","ELDTVTLEDIK",2,"y3",1,"L","NAT",2,"CPTAC_CCRCC_W_JHU_20190112_LUMOS_C3L-00606_NAT",279094.625
"O43242","ELDTVTLEDIK",2,"b3",1,"L","NAT",2,"CPTAC_CCRCC_W_JHU_20190112_LUMOS_C3L-00606_NAT",260539.2969
"O43242","ELDTVTLEDIK",2,"b4",1,"L","NAT",2,"CPTAC_CCRCC_W_JHU_20190112_LUMOS_C3L-00606_NAT",508424.8438
"O43242","ELDTVTLEDIK",2,"y10",1,"L","NAT",2,"CPTAC_CCRCC_W_JHU_20190112_LUMOS_C3L-00606_NAT",11727.03125
"O43242","ELDTVTLEDIK",2,"b5",1,"L","NAT",2,"CPTAC_CCRCC_W_JHU_20190112_LUMOS_C3L-00606_NAT",268803.3438
"O43242","ELDTVTLEDIK",2,"y6",1,"L","T",3,"CPTAC_CCRCC_W_JHU_20190112_LUMOS_C3L-01882_T",3899668
"O43242","ELDTVTLEDIK",2,"y9",1,"L","T",3,"CPTAC_CCRCC_W_JHU_20190112_LUMOS_C3L-01882_T",6208432
"O43242","ELDTVTLEDIK",2,"y7",1,"L","T",3,"CPTAC_CCRCC_W_JHU_20190112_LUMOS_C3L-01882_T",191599.5312
"O43242","ELDTVTLEDIK",2,"y5",1,"L","T",3,"CPTAC_CCRCC_W_JHU_20190112_LUMOS_C3L-01882_T",464629.7812
"O43242","ELDTVTLEDIK",2,"y4",1,"L","T",3,"CPTAC_CCRCC_W_JHU_20190112_LUMOS_C3L-01882_T",392240.5312
"O43242","ELDTVTLEDIK",2,"y3",1,"L","T",3,"CPTAC_CCRCC_W_JHU_20190112_LUMOS_C3L-01882_T",630773.1875
"O43242","ELDTVTLEDIK",2,"b3",1,"L","T",3,"CPTAC_CCRCC_W_JHU_20190112_LUMOS_C3L-01882_T",859138.3125
"O43242","ELDTVTLEDIK",2,"b4",1,"L","T",3,"CPTAC_CCRCC_W_JHU_20190112_LUMOS_C3L-01882_T",705312.75
"O43242","ELDTVTLEDIK",2,"b5",1,"L","T",3,"CPTAC_CCRCC_W_JHU_20190112_LUMOS_C3L-01882_T",52921.67578
"Q6ZQN7","ENSQPQELQKPQEPQK",3,"y12",2,"L","NAT",4,"CPTAC_CCRCC_W_JHU_20190112_LUMOS_C3N-00577_NAT",3817.662842
"Q6ZQN7","ENSQPQELQKPQEPQK",3,"y6",1,"L","NAT",4,"CPTAC_CCRCC_W_JHU_20190112_LUMOS_C3N-00577_NAT",28786.20117
"Q6ZQN7","ENSQPQELQKPQEPQK",3,"y3",1,"L","NAT",4,"CPTAC_CCRCC_W_JHU_20190112_LUMOS_C3N-00577_NAT",72576.98438
"Q6ZQN7","ENSQPQELQKPQEPQK",3,"y10",2,"L","NAT",4,"CPTAC_CCRCC_W_JHU_20190112_LUMOS_C3N-00577_NAT",1526.932495
"Q6ZQN7","ENSQPQELQKPQEPQK",3,"y7",1,"L","NAT",4,"CPTAC_CCRCC_W_JHU_20190112_LUMOS_C3N-00577_NAT",5891.1875
"Q6ZQN7","ENSQPQELQKPQEPQK",3,"y13",2,"L","NAT",4,"CPTAC_CCRCC_W_JHU_20190112_LUMOS_C3N-00577_NAT",20152.11328
"Q6ZQN7","ENSQPQELQKPQEPQK",3,"b3",1,"L","NAT",4,"CPTAC_CCRCC_W_JHU_20190112_LUMOS_C3N-00577_NAT",21987.23828
"Q6ZQN7","ENSQPQELQKPQEPQK",3,"y10",1,"L","NAT",4,"CPTAC_CCRCC_W_JHU_20190112_LUMOS_C3N-00577_NAT",1688.197754
"Q6ZQN7","ENSQPQELQKPQEPQK",3,"y12",2,"L","NAT",5,"CPTAC_CCRCC_W_JHU_20190112_LUMOS_C3N-00733_NAT",4562.529785
"Q6ZQN7","ENSQPQELQKPQEPQK",3,"y6",1,"L","NAT",5,"CPTAC_CCRCC_W_JHU_20190112_LUMOS_C3N-00733_NAT",22533.54688
"Q6ZQN7","ENSQPQELQKPQEPQK",3,"y3",1,"L","NAT",5,"CPTAC_CCRCC_W_JHU_20190112_LUMOS_C3N-00733_NAT",41725.19922
"Q6ZQN7","ENSQPQELQKPQEPQK",3,"y7",1,"L","NAT",5,"CPTAC_CCRCC_W_JHU_20190112_LUMOS_C3N-00733_NAT",3613.703369
"Q6ZQN7","ENSQPQELQKPQEPQK",3,"y13",2,"L","NAT",5,"CPTAC_CCRCC_W_JHU_20190112_LUMOS_C3N-00733_NAT",10984.87891
"Q6ZQN7","ENSQPQELQKPQEPQK",3,"b3",1,"L","NAT",5,"CPTAC_CCRCC_W_JHU_20190112_LUMOS_C3N-00733_NAT",1191.764648
"Q6ZQN7","ENSQPQELQKPQEPQK",3,"y12",2,"L","NAT",3,"CPTAC_CCRCC_W_JHU_20190112_LUMOS_C3L-01882_NAT",27847.08008
"Q6ZQN7","ENSQPQELQKPQEPQK",3,"y6",1,"L","NAT",3,"CPTAC_CCRCC_W_JHU_20190112_LUMOS_C3L-01882_NAT",37351.53125
"Q6ZQN7","ENSQPQELQKPQEPQK",3,"y3",1,"L","NAT",3,"CPTAC_CCRCC_W_JHU_20190112_LUMOS_C3L-01882_NAT",50459.65234
"Q6ZQN7","ENSQPQELQKPQEPQK",3,"y10",2,"L","NAT",3,"CPTAC_CCRCC_W_JHU_20190112_LUMOS_C3L-01882_NAT",1718.630493
"Q6ZQN7","ENSQPQELQKPQEPQK",3,"y7",1,"L","NAT",3,"CPTAC_CCRCC_W_JHU_20190112_LUMOS_C3L-01882_NAT",7296.504883
"Q6ZQN7","ENSQPQELQKPQEPQK",3,"y13",2,"L","NAT",3,"CPTAC_CCRCC_W_JHU_20190112_LUMOS_C3L-01882_NAT",14338.13379
"Q6ZQN7","ENSQPQELQKPQEPQK",3,"y8",1,"L","NAT",3,"CPTAC_CCRCC_W_JHU_20190112_LUMOS_C3L-01882_NAT",1347.314941
"Q6ZQN7","ENSQPQELQKPQEPQK",3,"b3",1,"L","NAT",3,"CPTAC_CCRCC_W_JHU_20190112_LUMOS_C3L-01882_NAT",10012.70605
"Q6ZQN7","ENSQPQELQKPQEPQK",3,"y9",1,"L","NAT",3,"CPTAC_CCRCC_W_JHU_20190112_LUMOS_C3L-01882_NAT",1552.757202
"Q6ZQN7","ENSQPQELQKPQEPQK",3,"y10",1,"L","NAT",3,"CPTAC_CCRCC_W_JHU_20190112_LUMOS_C3L-01882_NAT",1695.03772
"Q9C005","ERPPNPIEFLASYLLK",3,"b5",1,"L","NAT",4,"CPTAC_CCRCC_W_JHU_20190112_LUMOS_C3N-00577_NAT",317892.2188
"Q9C005","ERPPNPIEFLASYLLK",3,"y9",1,"L","NAT",4,"CPTAC_CCRCC_W_JHU_20190112_LUMOS_C3N-00577_NAT",13856.7002
"Q9C005","ERPPNPIEFLASYLLK",3,"y6",1,"L","NAT",4,"CPTAC_CCRCC_W_JHU_20190112_LUMOS_C3N-00577_NAT",40539.14844
"Q9C005","ERPPNPIEFLASYLLK",3,"b6",2,"L","NAT",4,"CPTAC_CCRCC_W_JHU_20190112_LUMOS_C3N-00577_NAT",119875.9688
"Q9C005","ERPPNPIEFLASYLLK",3,"y8",1,"L","NAT",4,"CPTAC_CCRCC_W_JHU_20190112_LUMOS_C3N-00577_NAT",54401.21094
"Q9C005","ERPPNPIEFLASYLLK",3,"y7",1,"L","NAT",4,"CPTAC_CCRCC_W_JHU_20190112_LUMOS_C3N-00577_NAT",3667.332275
"Q9C005","ERPPNPIEFLASYLLK",3,"y5",1,"L","NAT",4,"CPTAC_CCRCC_W_JHU_20190112_LUMOS_C3N-00577_NAT",7709.977051
"Q9C005","ERPPNPIEFLASYLLK",3,"b8",1,"L","NAT",4,"CPTAC_CCRCC_W_JHU_20190112_LUMOS_C3N-00577_NAT",19948.78906
"Q9C005","ERPPNPIEFLASYLLK",3,"b7",2,"L","NAT",4,"CPTAC_CCRCC_W_JHU_20190112_LUMOS_C3N-00577_NAT",9338.008789
"Q9C005","ERPPNPIEFLASYLLK",3,"b7",1,"L","NAT",4,"CPTAC_CCRCC_W_JHU_20190112_LUMOS_C3N-00577_NAT",108035.4844
"Q9C005","ERPPNPIEFLASYLLK",3,"b5",1,"L","NAT",1,"CPTAC_CCRCC_W_JHU_20190112_LUMOS_C3L-00418_NAT",776835
"Q9C005","ERPPNPIEFLASYLLK",3,"y9",1,"L","NAT",1,"CPTAC_CCRCC_W_JHU_20190112_LUMOS_C3L-00418_NAT",104898.7344
"Q9C005","ERPPNPIEFLASYLLK",3,"y6",1,"L","NAT",1,"CPTAC_CCRCC_W_JHU_20190112_LUMOS_C3L-00418_NAT",147864.5625
"Q9C005","ERPPNPIEFLASYLLK",3,"b6",2,"L","NAT",1,"CPTAC_CCRCC_W_JHU_20190112_LUMOS_C3L-00418_NAT",196169.8281
"Q9C005","ERPPNPIEFLASYLLK",3,"y8",1,"L","NAT",1,"CPTAC_CCRCC_W_JHU_20190112_LUMOS_C3L-00418_NAT",58126.13672
"Q9C005","ERPPNPIEFLASYLLK",3,"y7",1,"L","NAT",1,"CPTAC_CCRCC_W_JHU_20190112_LUMOS_C3L-00418_NAT",60892.85938
"Q9C005","ERPPNPIEFLASYLLK",3,"y5",1,"L","NAT",1,"CPTAC_CCRCC_W_JHU_20190112_LUMOS_C3L-00418_NAT",63077.28125
"Q9C005","ERPPNPIEFLASYLLK",3,"b8",1,"L","NAT",1,"CPTAC_CCRCC_W_JHU_20190112_LUMOS_C3L-00418_NAT",129486.0469
"Q9C005","ERPPNPIEFLASYLLK",3,"b7",2,"L","NAT",1,"CPTAC_CCRCC_W_JHU_20190112_LUMOS_C3L-00418_NAT",19943.46875
"Q9C005","ERPPNPIEFLASYLLK",3,"b7",1,"L","NAT",1,"CPTAC_CCRCC_W_JHU_20190112_LUMOS_C3L-00418_NAT",50135.44141
"Q9C005","ERPPNPIEFLASYLLK",3,"b8",2,"L","NAT",1,"CPTAC_CCRCC_W_JHU_20190112_LUMOS_C3L-00418_NAT",20675.15625
"Q9C005","ERPPNPIEFLASYLLK",3,"b5",1,"L","T",4,"CPTAC_CCRCC_W_JHU_20190112_LUMOS_C3N-00577_T",239295.3281
"Q9C005","ERPPNPIEFLASYLLK",3,"y9",1,"L","T",4,"CPTAC_CCRCC_W_JHU_20190112_LUMOS_C3N-00577_T",27464.7832
"Q9C005","ERPPNPIEFLASYLLK",3,"y6",1,"L","T",4,"CPTAC_CCRCC_W_JHU_20190112_LUMOS_C3N-00577_T",35341.00781
"Q9C005","ERPPNPIEFLASYLLK",3,"b6",2,"L","T",4,"CPTAC_CCRCC_W_JHU_20190112_LUMOS_C3N-00577_T",107495.1172
"Q9C005","ERPPNPIEFLASYLLK",3,"y8",1,"L","T",4,"CPTAC_CCRCC_W_JHU_20190112_LUMOS_C3N-00577_T",48610.96484
"Q9C005","ERPPNPIEFLASYLLK",3,"y7",1,"L","T",4,"CPTAC_CCRCC_W_JHU_20190112_LUMOS_C3N-00577_T",21211.25391
"Q9C005","ERPPNPIEFLASYLLK",3,"y5",1,"L","T",4,"CPTAC_CCRCC_W_JHU_20190112_LUMOS_C3N-00577_T",20713.80469
"Q9C005","ERPPNPIEFLASYLLK",3,"b8",1,"L","T",4,"CPTAC_CCRCC_W_JHU_20190112_LUMOS_C3N-00577_T",41540.23438
"Q9C005","ERPPNPIEFLASYLLK",3,"b7",2,"L","T",4,"CPTAC_CCRCC_W_JHU_20190112_LUMOS_C3N-00577_T",8707.920898
"Q9C005","ERPPNPIEFLASYLLK",3,"b7",1,"L","T",4,"CPTAC_CCRCC_W_JHU_20190112_LUMOS_C3N-00577_T",120466.2031
"Q9C005","ERPPNPIEFLASYLLK",3,"b5",1,"L","NAT",5,"CPTAC_CCRCC_W_JHU_20190112_LUMOS_C3N-00733_NAT",1847434.875
"Q9C005","ERPPNPIEFLASYLLK",3,"y9",1,"L","NAT",5,"CPTAC_CCRCC_W_JHU_20190112_LUMOS_C3N-00733_NAT",298566.8438
"Q9C005","ERPPNPIEFLASYLLK",3,"y6",1,"L","NAT",5,"CPTAC_CCRCC_W_JHU_20190112_LUMOS_C3N-00733_NAT",353595.2188
"Q9C005","ERPPNPIEFLASYLLK",3,"b6",2,"L","NAT",5,"CPTAC_CCRCC_W_JHU_20190112_LUMOS_C3N-00733_NAT",523935.5
"Q9C005","ERPPNPIEFLASYLLK",3,"y8",1,"L","NAT",5,"CPTAC_CCRCC_W_JHU_20190112_LUMOS_C3N-00733_NAT",164701.2969
"Q9C005","ERPPNPIEFLASYLLK",3,"y7",1,"L","NAT",5,"CPTAC_CCRCC_W_JHU_20190112_LUMOS_C3N-00733_NAT",156239.2188
"Q9C005","ERPPNPIEFLASYLLK",3,"y5",1,"L","NAT",5,"CPTAC_CCRCC_W_JHU_20190112_LUMOS_C3N-00733_NAT",180813.0938
"Q9C005","ERPPNPIEFLASYLLK",3,"b8",1,"L","NAT",5,"CPTAC_CCRCC_W_JHU_20190112_LUMOS_C3N-00733_NAT",303177.8125
"Q9C005","ERPPNPIEFLASYLLK",3,"b7",2,"L","NAT",5,"CPTAC_CCRCC_W_JHU_20190112_LUMOS_C3N-00733_NAT",84144.61719
"Q9C005","ERPPNPIEFLASYLLK",3,"b7",1,"L","NAT",5,"CPTAC_CCRCC_W_JHU_20190112_LUMOS_C3N-00733_NAT",137713.6406
"Q9C005","ERPPNPIEFLASYLLK",3,"b8",2,"L","NAT",5,"CPTAC_CCRCC_W_JHU_20190112_LUMOS_C3N-00733_NAT",53327.41016
"Q9C005","ERPPNPIEFLASYLLK",3,"b5",1,"L","T",5,"CPTAC_CCRCC_W_JHU_20190112_LUMOS_C3N-00733_T",415437.9062
"Q9C005","ERPPNPIEFLASYLLK",3,"y9",1,"L","T",5,"CPTAC_CCRCC_W_JHU_20190112_LUMOS_C3N-00733_T",62589.22656
"Q9C005","ERPPNPIEFLASYLLK",3,"y6",1,"L","T",5,"CPTAC_CCRCC_W_JHU_20190112_LUMOS_C3N-00733_T",84262.0625
"Q9C005","ERPPNPIEFLASYLLK",3,"b6",2,"L","T",5,"CPTAC_CCRCC_W_JHU_20190112_LUMOS_C3N-00733_T",108413.3281
"Q9C005","ERPPNPIEFLASYLLK",3,"y8",1,"L","T",5,"CPTAC_CCRCC_W_JHU_20190112_LUMOS_C3N-00733_T",38488.55078
"Q9C005","ERPPNPIEFLASYLLK",3,"y7",1,"L","T",5,"CPTAC_CCRCC_W_JHU_20190112_LUMOS_C3N-00733_T",37112.67578
"Q9C005","ERPPNPIEFLASYLLK",3,"y5",1,"L","T",5,"CPTAC_CCRCC_W_JHU_20190112_LUMOS_C3N-00733_T",34583.91016
"Q9C005","ERPPNPIEFLASYLLK",3,"b8",1,"L","T",5,"CPTAC_CCRCC_W_JHU_20190112_LUMOS_C3N-00733_T",80566.8125
"Q9C005","ERPPNPIEFLASYLLK",3,"b7",2,"L","T",5,"CPTAC_CCRCC_W_JHU_20190112_LUMOS_C3N-00733_T",17856.84961
"Q9C005","ERPPNPIEFLASYLLK",3,"b7",1,"L","T",5,"CPTAC_CCRCC_W_JHU_20190112_LUMOS_C3N-00733_T",23627.8125
"Q9C005","ERPPNPIEFLASYLLK",3,"b8",2,"L","T",5,"CPTAC_CCRCC_W_JHU_20190112_LUMOS_C3N-00733_T",20090.27344
"Q9C005","ERPPNPIEFLASYLLK",3,"b5",1,"L","NAT",3,"CPTAC_CCRCC_W_JHU_20190112_LUMOS_C3L-01882_NAT",1851966.125
"Q9C005","ERPPNPIEFLASYLLK",3,"y9",1,"L","NAT",3,"CPTAC_CCRCC_W_JHU_20190112_LUMOS_C3L-01882_NAT",386167.8125
"Q9C005","ERPPNPIEFLASYLLK",3,"y6",1,"L","NAT",3,"CPTAC_CCRCC_W_JHU_20190112_LUMOS_C3L-01882_NAT",404796.3125
"Q9C005","ERPPNPIEFLASYLLK",3,"b6",2,"L","NAT",3,"CPTAC_CCRCC_W_JHU_20190112_LUMOS_C3L-01882_NAT",653582.75
"Q9C005","ERPPNPIEFLASYLLK",3,"y8",1,"L","NAT",3,"CPTAC_CCRCC_W_JHU_20190112_LUMOS_C3L-01882_NAT",193217.7969
"Q9C005","ERPPNPIEFLASYLLK",3,"y7",1,"L","NAT",3,"CPTAC_CCRCC_W_JHU_20190112_LUMOS_C3L-01882_NAT",166998.2969
"Q9C005","ERPPNPIEFLASYLLK",3,"y5",1,"L","NAT",3,"CPTAC_CCRCC_W_JHU_20190112_LUMOS_C3L-01882_NAT",222377.4219
"Q9C005","ERPPNPIEFLASYLLK",3,"b8",1,"L","NAT",3,"CPTAC_CCRCC_W_JHU_20190112_LUMOS_C3L-01882_NAT",289891.8438
"Q9C005","ERPPNPIEFLASYLLK",3,"b7",2,"L","NAT",3,"CPTAC_CCRCC_W_JHU_20190112_LUMOS_C3L-01882_NAT",135663.0469
"Q9C005","ERPPNPIEFLASYLLK",3,"b7",1,"L","NAT",3,"CPTAC_CCRCC_W_JHU_20190112_LUMOS_C3L-01882_NAT",111941.1484
"Q9C005","ERPPNPIEFLASYLLK",3,"b8",2,"L","NAT",3,"CPTAC_CCRCC_W_JHU_20190112_LUMOS_C3L-01882_NAT",104822.5391
"Q9C005","ERPPNPIEFLASYLLK",3,"b5",1,"L","T",1,"CPTAC_CCRCC_W_JHU_20190112_LUMOS_C3L-00418_T",94733.92969
"Q9C005","ERPPNPIEFLASYLLK",3,"y9",1,"L","T",1,"CPTAC_CCRCC_W_JHU_20190112_LUMOS_C3L-00418_T",14347.875
"Q9C005","ERPPNPIEFLASYLLK",3,"y6",1,"L","T",1,"CPTAC_CCRCC_W_JHU_20190112_LUMOS_C3L-00418_T",22926.78125
"Q9C005","ERPPNPIEFLASYLLK",3,"b6",2,"L","T",1,"CPTAC_CCRCC_W_JHU_20190112_LUMOS_C3L-00418_T",43413.5
"Q9C005","ERPPNPIEFLASYLLK",3,"y8",1,"L","T",1,"CPTAC_CCRCC_W_JHU_20190112_LUMOS_C3L-00418_T",8385.422852
"Q9C005","ERPPNPIEFLASYLLK",3,"y7",1,"L","T",1,"CPTAC_CCRCC_W_JHU_20190112_LUMOS_C3L-00418_T",2799.822021
"Q9C005","ERPPNPIEFLASYLLK",3,"y5",1,"L","T",1,"CPTAC_CCRCC_W_JHU_20190112_LUMOS_C3L-00418_T",11392.26367
"Q9C005","ERPPNPIEFLASYLLK",3,"b8",1,"L","T",1,"CPTAC_CCRCC_W_JHU_20190112_LUMOS_C3L-00418_T",18552.52734
"Q9C005","ERPPNPIEFLASYLLK",3,"b7",2,"L","T",1,"CPTAC_CCRCC_W_JHU_20190112_LUMOS_C3L-00418_T",1451.809082
"Q9C005","ERPPNPIEFLASYLLK",3,"b7",1,"L","T",1,"CPTAC_CCRCC_W_JHU_20190112_LUMOS_C3L-00418_T",50251.55859
"Q9C005","ERPPNPIEFLASYLLK",3,"b5",1,"L","T",2,"CPTAC_CCRCC_W_JHU_20190112_LUMOS_C3L-00606_T",146790.6875
"Q9C005","ERPPNPIEFLASYLLK",3,"y9",1,"L","T",2,"CPTAC_CCRCC_W_JHU_20190112_LUMOS_C3L-00606_T",74230.8125
"Q9C005","ERPPNPIEFLASYLLK",3,"y6",1,"L","T",2,"CPTAC_CCRCC_W_JHU_20190112_LUMOS_C3L-00606_T",132478.4688
"Q9C005","ERPPNPIEFLASYLLK",3,"b6",2,"L","T",2,"CPTAC_CCRCC_W_JHU_20190112_LUMOS_C3L-00606_T",206134.7812
"Q9C005","ERPPNPIEFLASYLLK",3,"y8",1,"L","T",2,"CPTAC_CCRCC_W_JHU_20190112_LUMOS_C3L-00606_T",10287.73633
"Q9C005","ERPPNPIEFLASYLLK",3,"y7",1,"L","T",2,"CPTAC_CCRCC_W_JHU_20190112_LUMOS_C3L-00606_T",47207.64453
"Q9C005","ERPPNPIEFLASYLLK",3,"y5",1,"L","T",2,"CPTAC_CCRCC_W_JHU_20190112_LUMOS_C3L-00606_T",62264.94141
"Q9C005","ERPPNPIEFLASYLLK",3,"b8",1,"L","T",2,"CPTAC_CCRCC_W_JHU_20190112_LUMOS_C3L-00606_T",106343.3672
"Q9C005","ERPPNPIEFLASYLLK",3,"b7",2,"L","T",2,"CPTAC_CCRCC_W_JHU_20190112_LUMOS_C3L-00606_T",22142.46289
"Q9C005","ERPPNPIEFLASYLLK",3,"b7",1,"L","T",2,"CPTAC_CCRCC_W_JHU_20190112_LUMOS_C3L-00606_T",67895.75781
"Q9C005","ERPPNPIEFLASYLLK",3,"b8",2,"L","T",2,"CPTAC_CCRCC_W_JHU_20190112_LUMOS_C3L-00606_T",11513.99609
"Q9C005","ERPPNPIEFLASYLLK",3,"b5",1,"L","NAT",2,"CPTAC_CCRCC_W_JHU_20190112_LUMOS_C3L-00606_NAT",248027.0938
"Q9C005","ERPPNPIEFLASYLLK",3,"y9",1,"L","NAT",2,"CPTAC_CCRCC_W_JHU_20190112_LUMOS_C3L-00606_NAT",29538.01367
"Q9C005","ERPPNPIEFLASYLLK",3,"y6",1,"L","NAT",2,"CPTAC_CCRCC_W_JHU_20190112_LUMOS_C3L-00606_NAT",45141.12109
"Q9C005","ERPPNPIEFLASYLLK",3,"b6",2,"L","NAT",2,"CPTAC_CCRCC_W_JHU_20190112_LUMOS_C3L-00606_NAT",86591.5625
"Q9C005","ERPPNPIEFLASYLLK",3,"y8",1,"L","NAT",2,"CPTAC_CCRCC_W_JHU_20190112_LUMOS_C3L-00606_NAT",27153.13477
"Q9C005","ERPPNPIEFLASYLLK",3,"y7",1,"L","NAT",2,"CPTAC_CCRCC_W_JHU_20190112_LUMOS_C3L-00606_NAT",13335.39062
"Q9C005","ERPPNPIEFLASYLLK",3,"y5",1,"L","NAT",2,"CPTAC_CCRCC_W_JHU_20190112_LUMOS_C3L-00606_NAT",13533.23535
"Q9C005","ERPPNPIEFLASYLLK",3,"b8",1,"L","NAT",2,"CPTAC_CCRCC_W_JHU_20190112_LUMOS_C3L-00606_NAT",47921.92578
"Q9C005","ERPPNPIEFLASYLLK",3,"b7",2,"L","NAT",2,"CPTAC_CCRCC_W_JHU_20190112_LUMOS_C3L-00606_NAT",10057.44727
"Q9C005","ERPPNPIEFLASYLLK",3,"b7",1,"L","NAT",2,"CPTAC_CCRCC_W_JHU_20190112_LUMOS_C3L-00606_NAT",53408.46094
"Q9C005","ERPPNPIEFLASYLLK",3,"b8",2,"L","NAT",2,"CPTAC_CCRCC_W_JHU_20190112_LUMOS_C3L-00606_NAT",25888.22656
"Q9C005","ERPPNPIEFLASYLLK",3,"b5",1,"L","T",3,"CPTAC_CCRCC_W_JHU_20190112_LUMOS_C3L-01882_T",178444.9062
"Q9C005","ERPPNPIEFLASYLLK",3,"y9",1,"L","T",3,"CPTAC_CCRCC_W_JHU_20190112_LUMOS_C3L-01882_T",41840.68359
"Q9C005","ERPPNPIEFLASYLLK",3,"y6",1,"L","T",3,"CPTAC_CCRCC_W_JHU_20190112_LUMOS_C3L-01882_T",64680.62109
"Q9C005","ERPPNPIEFLASYLLK",3,"b6",2,"L","T",3,"CPTAC_CCRCC_W_JHU_20190112_LUMOS_C3L-01882_T",136593.9062
"Q9C005","ERPPNPIEFLASYLLK",3,"y8",1,"L","T",3,"CPTAC_CCRCC_W_JHU_20190112_LUMOS_C3L-01882_T",21088.45312
"Q9C005","ERPPNPIEFLASYLLK",3,"y7",1,"L","T",3,"CPTAC_CCRCC_W_JHU_20190112_LUMOS_C3L-01882_T",11836.60449
"Q9C005","ERPPNPIEFLASYLLK",3,"y5",1,"L","T",3,"CPTAC_CCRCC_W_JHU_20190112_LUMOS_C3L-01882_T",14583.15234
"Q9C005","ERPPNPIEFLASYLLK",3,"b8",1,"L","T",3,"CPTAC_CCRCC_W_JHU_20190112_LUMOS_C3L-01882_T",47725.15625
"Q9C005","ERPPNPIEFLASYLLK",3,"b7",2,"L","T",3,"CPTAC_CCRCC_W_JHU_20190112_LUMOS_C3L-01882_T",17869.4043
"Q9C005","ERPPNPIEFLASYLLK",3,"b7",1,"L","T",3,"CPTAC_CCRCC_W_JHU_20190112_LUMOS_C3L-01882_T",96194.1875
"Q16795","FGPIPLGSLGWK",2,"y8",1,"L","NAT",4,"CPTAC_CCRCC_W_JHU_20190112_LUMOS_C3N-00577_NAT",20237434
"Q16795","FGPIPLGSLGWK",2,"b3",1,"L","NAT",4,"CPTAC_CCRCC_W_JHU_20190112_LUMOS_C3N-00577_NAT",2581221.75
"Q16795","FGPIPLGSLGWK",2,"y8",2,"L","NAT",4,"CPTAC_CCRCC_W_JHU_20190112_LUMOS_C3N-00577_NAT",2160534.75
"Q16795","FGPIPLGSLGWK",2,"y6",1,"L","NAT",4,"CPTAC_CCRCC_W_JHU_20190112_LUMOS_C3N-00577_NAT",3731842.25
"Q16795","FGPIPLGSLGWK",2,"y10",2,"L","NAT",4,"CPTAC_CCRCC_W_JHU_20190112_LUMOS_C3N-00577_NAT",4704.895508
"Q16795","FGPIPLGSLGWK",2,"y7",1,"L","NAT",4,"CPTAC_CCRCC_W_JHU_20190112_LUMOS_C3N-00577_NAT",1883617.125
"Q16795","FGPIPLGSLGWK",2,"y3",1,"L","NAT",4,"CPTAC_CCRCC_W_JHU_20190112_LUMOS_C3N-00577_NAT",1994026.75
"Q16795","FGPIPLGSLGWK",2,"b4",1,"L","NAT",4,"CPTAC_CCRCC_W_JHU_20190112_LUMOS_C3N-00577_NAT",313396.0312
"Q16795","FGPIPLGSLGWK",2,"y10",1,"L","NAT",4,"CPTAC_CCRCC_W_JHU_20190112_LUMOS_C3N-00577_NAT",400705.5938
"Q16795","FGPIPLGSLGWK",2,"y9",1,"L","NAT",4,"CPTAC_CCRCC_W_JHU_20190112_LUMOS_C3N-00577_NAT",736047.8125
"Q16795","FGPIPLGSLGWK",2,"y11",1,"L","NAT",4,"CPTAC_CCRCC_W_JHU_20190112_LUMOS_C3N-00577_NAT",423089.2812
"Q16795","FGPIPLGSLGWK",2,"y8",1,"L","NAT",1,"CPTAC_CCRCC_W_JHU_20190112_LUMOS_C3L-00418_NAT",14043340
"Q16795","FGPIPLGSLGWK",2,"b3",1,"L","NAT",1,"CPTAC_CCRCC_W_JHU_20190112_LUMOS_C3L-00418_NAT",1757033.375
"Q16795","FGPIPLGSLGWK",2,"y8",2,"L","NAT",1,"CPTAC_CCRCC_W_JHU_20190112_LUMOS_C3L-00418_NAT",1235858.875
"Q16795","FGPIPLGSLGWK",2,"y6",1,"L","NAT",1,"CPTAC_CCRCC_W_JHU_20190112_LUMOS_C3L-00418_NAT",3125457.25
"Q16795","FGPIPLGSLGWK",2,"y7",1,"L","NAT",1,"CPTAC_CCRCC_W_JHU_20190112_LUMOS_C3L-00418_NAT",1593958.875
"Q16795","FGPIPLGSLGWK",2,"y3",1,"L","NAT",1,"CPTAC_CCRCC_W_JHU_20190112_LUMOS_C3L-00418_NAT",1645673.875
"Q16795","FGPIPLGSLGWK",2,"b4",1,"L","NAT",1,"CPTAC_CCRCC_W_JHU_20190112_LUMOS_C3L-00418_NAT",177150.9219
"Q16795","FGPIPLGSLGWK",2,"y10",1,"L","NAT",1,"CPTAC_CCRCC_W_JHU_20190112_LUMOS_C3L-00418_NAT",241053.75
"Q16795","FGPIPLGSLGWK",2,"y9",1,"L","NAT",1,"CPTAC_CCRCC_W_JHU_20190112_LUMOS_C3L-00418_NAT",538307.4375
"Q16795","FGPIPLGSLGWK",2,"y11",1,"L","NAT",1,"CPTAC_CCRCC_W_JHU_20190112_LUMOS_C3L-00418_NAT",273307.125
"Q16795","FGPIPLGSLGWK",2,"y8",1,"L","T",4,"CPTAC_CCRCC_W_JHU_20190112_LUMOS_C3N-00577_T",1435463.375
"Q16795","FGPIPLGSLGWK",2,"b3",1,"L","T",4,"CPTAC_CCRCC_W_JHU_20190112_LUMOS_C3N-00577_T",218844.2656
"Q16795","FGPIPLGSLGWK",2,"y8",2,"L","T",4,"CPTAC_CCRCC_W_JHU_20190112_LUMOS_C3N-00577_T",181173.5312
"Q16795","FGPIPLGSLGWK",2,"y6",1,"L","T",4,"CPTAC_CCRCC_W_JHU_20190112_LUMOS_C3N-00577_T",276607.25
"Q16795","FGPIPLGSLGWK",2,"y7",1,"L","T",4,"CPTAC_CCRCC_W_JHU_20190112_LUMOS_C3N-00577_T",124876.2031
"Q16795","FGPIPLGSLGWK",2,"y3",1,"L","T",4,"CPTAC_CCRCC_W_JHU_20190112_LUMOS_C3N-00577_T",147906.5
"Q16795","FGPIPLGSLGWK",2,"b4",1,"L","T",4,"CPTAC_CCRCC_W_JHU_20190112_LUMOS_C3N-00577_T",26496.77734
"Q16795","FGPIPLGSLGWK",2,"y10",1,"L","T",4,"CPTAC_CCRCC_W_JHU_20190112_LUMOS_C3N-00577_T",11599.2334
"Q16795","FGPIPLGSLGWK",2,"y9",1,"L","T",4,"CPTAC_CCRCC_W_JHU_20190112_LUMOS_C3N-00577_T",47803.04297
"Q16795","FGPIPLGSLGWK",2,"y11",1,"L","T",4,"CPTAC_CCRCC_W_JHU_20190112_LUMOS_C3N-00577_T",17546.41016
"Q16795","FGPIPLGSLGWK",2,"y8",1,"L","NAT",5,"CPTAC_CCRCC_W_JHU_20190112_LUMOS_C3N-00733_NAT",18814470
"Q16795","FGPIPLGSLGWK",2,"b3",1,"L","NAT",5,"CPTAC_CCRCC_W_JHU_20190112_LUMOS_C3N-00733_NAT",2436146.75
"Q16795","FGPIPLGSLGWK",2,"y8",2,"L","NAT",5,"CPTAC_CCRCC_W_JHU_20190112_LUMOS_C3N-00733_NAT",2032150.125
"Q16795","FGPIPLGSLGWK",2,"y6",1,"L","NAT",5,"CPTAC_CCRCC_W_JHU_20190112_LUMOS_C3N-00733_NAT",3513558.75
"Q16795","FGPIPLGSLGWK",2,"y10",2,"L","NAT",5,"CPTAC_CCRCC_W_JHU_20190112_LUMOS_C3N-00733_NAT",3284.310059
"Q16795","FGPIPLGSLGWK",2,"y7",1,"L","NAT",5,"CPTAC_CCRCC_W_JHU_20190112_LUMOS_C3N-00733_NAT",1750939.875
"Q16795","FGPIPLGSLGWK",2,"y3",1,"L","NAT",5,"CPTAC_CCRCC_W_JHU_20190112_LUMOS_C3N-00733_NAT",1867759.5
"Q16795","FGPIPLGSLGWK",2,"b4",1,"L","NAT",5,"CPTAC_CCRCC_W_JHU_20190112_LUMOS_C3N-00733_NAT",311273.4062
"Q16795","FGPIPLGSLGWK",2,"y10",1,"L","NAT",5,"CPTAC_CCRCC_W_JHU_20190112_LUMOS_C3N-00733_NAT",354580.2188
"Q16795","FGPIPLGSLGWK",2,"y9",1,"L","NAT",5,"CPTAC_CCRCC_W_JHU_20190112_LUMOS_C3N-00733_NAT",694516.3125
"Q16795","FGPIPLGSLGWK",2,"y11",1,"L","NAT",5,"CPTAC_CCRCC_W_JHU_20190112_LUMOS_C3N-00733_NAT",398445.8125
"Q16795","FGPIPLGSLGWK",2,"y8",1,"L","T",5,"CPTAC_CCRCC_W_JHU_20190112_LUMOS_C3N-00733_T",2550259
"Q16795","FGPIPLGSLGWK",2,"b3",1,"L","T",5,"CPTAC_CCRCC_W_JHU_20190112_LUMOS_C3N-00733_T",372319
"Q16795","FGPIPLGSLGWK",2,"y8",2,"L","T",5,"CPTAC_CCRCC_W_JHU_20190112_LUMOS_C3N-00733_T",278159.5938
"Q16795","FGPIPLGSLGWK",2,"y6",1,"L","T",5,"CPTAC_CCRCC_W_JHU_20190112_LUMOS_C3N-00733_T",542166.75
"Q16795","FGPIPLGSLGWK",2,"y7",1,"L","T",5,"CPTAC_CCRCC_W_JHU_20190112_LUMOS_C3N-00733_T",258436.3438
"Q16795","FGPIPLGSLGWK",2,"y3",1,"L","T",5,"CPTAC_CCRCC_W_JHU_20190112_LUMOS_C3N-00733_T",268765.9688
"Q16795","FGPIPLGSLGWK",2,"b4",1,"L","T",5,"CPTAC_CCRCC_W_JHU_20190112_LUMOS_C3N-00733_T",38829.12891
"Q16795","FGPIPLGSLGWK",2,"y10",1,"L","T",5,"CPTAC_CCRCC_W_JHU_20190112_LUMOS_C3N-00733_T",6759.914551
"Q16795","FGPIPLGSLGWK",2,"y9",1,"L","T",5,"CPTAC_CCRCC_W_JHU_20190112_LUMOS_C3N-00733_T",87687.76562
"Q16795","FGPIPLGSLGWK",2,"y11",1,"L","T",5,"CPTAC_CCRCC_W_JHU_20190112_LUMOS_C3N-00733_T",45760.82812
"Q16795","FGPIPLGSLGWK",2,"y8",1,"L","NAT",3,"CPTAC_CCRCC_W_JHU_20190112_LUMOS_C3L-01882_NAT",36359084
"Q16795","FGPIPLGSLGWK",2,"b3",1,"L","NAT",3,"CPTAC_CCRCC_W_JHU_20190112_LUMOS_C3L-01882_NAT",6182199.5
"Q16795","FGPIPLGSLGWK",2,"y8",2,"L","NAT",3,"CPTAC_CCRCC_W_JHU_20190112_LUMOS_C3L-01882_NAT",5989018
"Q16795","FGPIPLGSLGWK",2,"y6",1,"L","NAT",3,"CPTAC_CCRCC_W_JHU_20190112_LUMOS_C3L-01882_NAT",5901223
"Q16795","FGPIPLGSLGWK",2,"y10",2,"L","NAT",3,"CPTAC_CCRCC_W_JHU_20190112_LUMOS_C3L-01882_NAT",14525.16406
"Q16795","FGPIPLGSLGWK",2,"y7",1,"L","NAT",3,"CPTAC_CCRCC_W_JHU_20190112_LUMOS_C3L-01882_NAT",2746587
"Q16795","FGPIPLGSLGWK",2,"y3",1,"L","NAT",3,"CPTAC_CCRCC_W_JHU_20190112_LUMOS_C3L-01882_NAT",3311253
"Q16795","FGPIPLGSLGWK",2,"b4",1,"L","NAT",3,"CPTAC_CCRCC_W_JHU_20190112_LUMOS_C3L-01882_NAT",803747
"Q16795","FGPIPLGSLGWK",2,"y10",1,"L","NAT",3,"CPTAC_CCRCC_W_JHU_20190112_LUMOS_C3L-01882_NAT",729237.5625
"Q16795","FGPIPLGSLGWK",2,"y9",1,"L","NAT",3,"CPTAC_CCRCC_W_JHU_20190112_LUMOS_C3L-01882_NAT",1297288
"Q16795","FGPIPLGSLGWK",2,"y11",1,"L","NAT",3,"CPTAC_CCRCC_W_JHU_20190112_LUMOS_C3L-01882_NAT",831300.5625
"Q16795","FGPIPLGSLGWK",2,"y11",2,"L","NAT",3,"CPTAC_CCRCC_W_JHU_20190112_LUMOS_C3L-01882_NAT",7817.731934
"Q16795","FGPIPLGSLGWK",2,"y8",1,"L","T",1,"CPTAC_CCRCC_W_JHU_20190112_LUMOS_C3L-00418_T",991566.5625
"Q16795","FGPIPLGSLGWK",2,"b3",1,"L","T",1,"CPTAC_CCRCC_W_JHU_20190112_LUMOS_C3L-00418_T",189958.8281
"Q16795","FGPIPLGSLGWK",2,"y8",2,"L","T",1,"CPTAC_CCRCC_W_JHU_20190112_LUMOS_C3L-00418_T",120365.7656
"Q16795","FGPIPLGSLGWK",2,"y6",1,"L","T",1,"CPTAC_CCRCC_W_JHU_20190112_LUMOS_C3L-00418_T",251103.3125
"Q16795","FGPIPLGSLGWK",2,"y7",1,"L","T",1,"CPTAC_CCRCC_W_JHU_20190112_LUMOS_C3L-00418_T",119223.1641
"Q16795","FGPIPLGSLGWK",2,"y3",1,"L","T",1,"CPTAC_CCRCC_W_JHU_20190112_LUMOS_C3L-00418_T",130427.7578
"Q16795","FGPIPLGSLGWK",2,"b4",1,"L","T",1,"CPTAC_CCRCC_W_JHU_20190112_LUMOS_C3L-00418_T",33350.10547
"Q16795","FGPIPLGSLGWK",2,"y9",1,"L","T",1,"CPTAC_CCRCC_W_JHU_20190112_LUMOS_C3L-00418_T",1852.529297
"Q16795","FGPIPLGSLGWK",2,"y8",1,"L","T",2,"CPTAC_CCRCC_W_JHU_20190112_LUMOS_C3L-00606_T",3879033.25
"Q16795","FGPIPLGSLGWK",2,"b3",1,"L","T",2,"CPTAC_CCRCC_W_JHU_20190112_LUMOS_C3L-00606_T",597280.9375
"Q16795","FGPIPLGSLGWK",2,"y8",2,"L","T",2,"CPTAC_CCRCC_W_JHU_20190112_LUMOS_C3L-00606_T",371554.0312
"Q16795","FGPIPLGSLGWK",2,"y6",1,"L","T",2,"CPTAC_CCRCC_W_JHU_20190112_LUMOS_C3L-00606_T",824982.0625
"Q16795","FGPIPLGSLGWK",2,"y7",1,"L","T",2,"CPTAC_CCRCC_W_JHU_20190112_LUMOS_C3L-00606_T",451018.5938
"Q16795","FGPIPLGSLGWK",2,"y3",1,"L","T",2,"CPTAC_CCRCC_W_JHU_20190112_LUMOS_C3L-00606_T",451670.3125
"Q16795","FGPIPLGSLGWK",2,"b4",1,"L","T",2,"CPTAC_CCRCC_W_JHU_20190112_LUMOS_C3L-00606_T",145829.6406
"Q16795","FGPIPLGSLGWK",2,"y10",1,"L","T",2,"CPTAC_CCRCC_W_JHU_20190112_LUMOS_C3L-00606_T",75363.50781
"Q16795","FGPIPLGSLGWK",2,"y9",1,"L","T",2,"CPTAC_CCRCC_W_JHU_20190112_LUMOS_C3L-00606_T",147049.5938
"Q16795","FGPIPLGSLGWK",2,"y11",1,"L","T",2,"CPTAC_CCRCC_W_JHU_20190112_LUMOS_C3L-00606_T",78336.52344
"Q16795","FGPIPLGSLGWK",2,"y8",1,"L","NAT",2,"CPTAC_CCRCC_W_JHU_20190112_LUMOS_C3L-00606_NAT",19498020
"Q16795","FGPIPLGSLGWK",2,"b3",1,"L","NAT",2,"CPTAC_CCRCC_W_JHU_20190112_LUMOS_C3L-00606_NAT",2583076.5
"Q16795","FGPIPLGSLGWK",2,"y8",2,"L","NAT",2,"CPTAC_CCRCC_W_JHU_20190112_LUMOS_C3L-00606_NAT",1775700.5
"Q16795","FGPIPLGSLGWK",2,"y6",1,"L","NAT",2,"CPTAC_CCRCC_W_JHU_20190112_LUMOS_C3L-00606_NAT",4526211
"Q16795","FGPIPLGSLGWK",2,"y7",1,"L","NAT",2,"CPTAC_CCRCC_W_JHU_20190112_LUMOS_C3L-00606_NAT",2354512.75
"Q16795","FGPIPLGSLGWK",2,"y3",1,"L","NAT",2,"CPTAC_CCRCC_W_JHU_20190112_LUMOS_C3L-00606_NAT",2494585
"Q16795","FGPIPLGSLGWK",2,"b4",1,"L","NAT",2,"CPTAC_CCRCC_W_JHU_20190112_LUMOS_C3L-00606_NAT",284556.375
"Q16795","FGPIPLGSLGWK",2,"y10",1,"L","NAT",2,"CPTAC_CCRCC_W_JHU_20190112_LUMOS_C3L-00606_NAT",316576.9062
"Q16795","FGPIPLGSLGWK",2,"y9",1,"L","NAT",2,"CPTAC_CCRCC_W_JHU_20190112_LUMOS_C3L-00606_NAT",727363
"Q16795","FGPIPLGSLGWK",2,"y11",1,"L","NAT",2,"CPTAC_CCRCC_W_JHU_20190112_LUMOS_C3L-00606_NAT",361012.6875
"Q16795","FGPIPLGSLGWK",2,"y11",2,"L","NAT",2,"CPTAC_CCRCC_W_JHU_20190112_LUMOS_C3L-00606_NAT",1477.485718
"Q16795","FGPIPLGSLGWK",2,"y8",1,"L","T",3,"CPTAC_CCRCC_W_JHU_20190112_LUMOS_C3L-01882_T",3264211
"Q16795","FGPIPLGSLGWK",2,"b3",1,"L","T",3,"CPTAC_CCRCC_W_JHU_20190112_LUMOS_C3L-01882_T",629763.25
"Q16795","FGPIPLGSLGWK",2,"y8",2,"L","T",3,"CPTAC_CCRCC_W_JHU_20190112_LUMOS_C3L-01882_T",623811.5
"Q16795","FGPIPLGSLGWK",2,"y6",1,"L","T",3,"CPTAC_CCRCC_W_JHU_20190112_LUMOS_C3L-01882_T",917827.375
"Q16795","FGPIPLGSLGWK",2,"y7",1,"L","T",3,"CPTAC_CCRCC_W_JHU_20190112_LUMOS_C3L-01882_T",272366.25
"Q16795","FGPIPLGSLGWK",2,"y3",1,"L","T",3,"CPTAC_CCRCC_W_JHU_20190112_LUMOS_C3L-01882_T",331641.7812
"Q16795","FGPIPLGSLGWK",2,"b4",1,"L","T",3,"CPTAC_CCRCC_W_JHU_20190112_LUMOS_C3L-01882_T",109349.25
"Q16795","FGPIPLGSLGWK",2,"y10",1,"L","T",3,"CPTAC_CCRCC_W_JHU_20190112_LUMOS_C3L-01882_T",11469.8252
"Q16795","FGPIPLGSLGWK",2,"y9",1,"L","T",3,"CPTAC_CCRCC_W_JHU_20190112_LUMOS_C3L-01882_T",136888.125
"Q16795","FGPIPLGSLGWK",2,"y11",1,"L","T",3,"CPTAC_CCRCC_W_JHU_20190112_LUMOS_C3L-01882_T",92026.00781
"Q5HYK3","FLC(UniMod:4)LEFSQVNNPLISR",3,"y5",1,"L","NAT",4,"CPTAC_CCRCC_W_JHU_20190112_LUMOS_C3N-00577_NAT",134611.4688
"Q5HYK3","FLC(UniMod:4)LEFSQVNNPLISR",3,"y7",1,"L","NAT",4,"CPTAC_CCRCC_W_JHU_20190112_LUMOS_C3N-00577_NAT",161969.6094
"Q5HYK3","FLC(UniMod:4)LEFSQVNNPLISR",3,"y6",1,"L","NAT",4,"CPTAC_CCRCC_W_JHU_20190112_LUMOS_C3N-00577_NAT",32522.6582
"Q5HYK3","FLC(UniMod:4)LEFSQVNNPLISR",3,"b3",1,"L","NAT",4,"CPTAC_CCRCC_W_JHU_20190112_LUMOS_C3N-00577_NAT",50426.54297
"Q5HYK3","FLC(UniMod:4)LEFSQVNNPLISR",3,"y3",1,"L","NAT",4,"CPTAC_CCRCC_W_JHU_20190112_LUMOS_C3N-00577_NAT",38073.09375
"Q5HYK3","FLC(UniMod:4)LEFSQVNNPLISR",3,"y8",1,"L","NAT",4,"CPTAC_CCRCC_W_JHU_20190112_LUMOS_C3N-00577_NAT",28890.13281
"Q5HYK3","FLC(UniMod:4)LEFSQVNNPLISR",3,"b5",1,"L","NAT",4,"CPTAC_CCRCC_W_JHU_20190112_LUMOS_C3N-00577_NAT",30395.76172
"Q5HYK3","FLC(UniMod:4)LEFSQVNNPLISR",3,"b6",1,"L","NAT",4,"CPTAC_CCRCC_W_JHU_20190112_LUMOS_C3N-00577_NAT",136363.5312
"Q5HYK3","FLC(UniMod:4)LEFSQVNNPLISR",3,"y4",1,"L","NAT",4,"CPTAC_CCRCC_W_JHU_20190112_LUMOS_C3N-00577_NAT",35936.49219
"Q5HYK3","FLC(UniMod:4)LEFSQVNNPLISR",3,"b8",1,"L","NAT",4,"CPTAC_CCRCC_W_JHU_20190112_LUMOS_C3N-00577_NAT",28794.42773
"Q5HYK3","FLC(UniMod:4)LEFSQVNNPLISR",3,"b7",1,"L","NAT",4,"CPTAC_CCRCC_W_JHU_20190112_LUMOS_C3N-00577_NAT",37084.0625
"Q5HYK3","FLC(UniMod:4)LEFSQVNNPLISR",3,"y5",1,"L","NAT",1,"CPTAC_CCRCC_W_JHU_20190112_LUMOS_C3L-00418_NAT",195303.125
"Q5HYK3","FLC(UniMod:4)LEFSQVNNPLISR",3,"y7",1,"L","NAT",1,"CPTAC_CCRCC_W_JHU_20190112_LUMOS_C3L-00418_NAT",140389.375
"Q5HYK3","FLC(UniMod:4)LEFSQVNNPLISR",3,"y6",1,"L","NAT",1,"CPTAC_CCRCC_W_JHU_20190112_LUMOS_C3L-00418_NAT",53367.96875
"Q5HYK3","FLC(UniMod:4)LEFSQVNNPLISR",3,"b3",1,"L","NAT",1,"CPTAC_CCRCC_W_JHU_20190112_LUMOS_C3L-00418_NAT",11826.08887
"Q5HYK3","FLC(UniMod:4)LEFSQVNNPLISR",3,"y3",1,"L","NAT",1,"CPTAC_CCRCC_W_JHU_20190112_LUMOS_C3L-00418_NAT",80401.08594
"Q5HYK3","FLC(UniMod:4)LEFSQVNNPLISR",3,"y8",1,"L","NAT",1,"CPTAC_CCRCC_W_JHU_20190112_LUMOS_C3L-00418_NAT",51413.51562
"Q5HYK3","FLC(UniMod:4)LEFSQVNNPLISR",3,"b5",1,"L","NAT",1,"CPTAC_CCRCC_W_JHU_20190112_LUMOS_C3L-00418_NAT",39330.52344
"Q5HYK3","FLC(UniMod:4)LEFSQVNNPLISR",3,"y4",1,"L","NAT",1,"CPTAC_CCRCC_W_JHU_20190112_LUMOS_C3L-00418_NAT",40387.60938
"Q5HYK3","FLC(UniMod:4)LEFSQVNNPLISR",3,"b8",1,"L","NAT",1,"CPTAC_CCRCC_W_JHU_20190112_LUMOS_C3L-00418_NAT",105153.7578
"Q5HYK3","FLC(UniMod:4)LEFSQVNNPLISR",3,"b7",1,"L","NAT",1,"CPTAC_CCRCC_W_JHU_20190112_LUMOS_C3L-00418_NAT",43127.64844
"Q5HYK3","FLC(UniMod:4)LEFSQVNNPLISR",3,"y5",1,"L","T",4,"CPTAC_CCRCC_W_JHU_20190112_LUMOS_C3N-00577_T",19438.07422
"Q5HYK3","FLC(UniMod:4)LEFSQVNNPLISR",3,"y7",1,"L","T",4,"CPTAC_CCRCC_W_JHU_20190112_LUMOS_C3N-00577_T",6813.78418
"Q5HYK3","FLC(UniMod:4)LEFSQVNNPLISR",3,"b3",1,"L","T",4,"CPTAC_CCRCC_W_JHU_20190112_LUMOS_C3N-00577_T",3451.631104
"Q5HYK3","FLC(UniMod:4)LEFSQVNNPLISR",3,"y3",1,"L","T",4,"CPTAC_CCRCC_W_JHU_20190112_LUMOS_C3N-00577_T",59716.30078
"Q5HYK3","FLC(UniMod:4)LEFSQVNNPLISR",3,"y8",1,"L","T",4,"CPTAC_CCRCC_W_JHU_20190112_LUMOS_C3N-00577_T",3528.66333
"Q5HYK3","FLC(UniMod:4)LEFSQVNNPLISR",3,"b5",1,"L","T",4,"CPTAC_CCRCC_W_JHU_20190112_LUMOS_C3N-00577_T",31279.86328
"Q5HYK3","FLC(UniMod:4)LEFSQVNNPLISR",3,"b6",1,"L","T",4,"CPTAC_CCRCC_W_JHU_20190112_LUMOS_C3N-00577_T",17625.08789
"Q5HYK3","FLC(UniMod:4)LEFSQVNNPLISR",3,"y4",1,"L","T",4,"CPTAC_CCRCC_W_JHU_20190112_LUMOS_C3N-00577_T",3364.158203
"Q5HYK3","FLC(UniMod:4)LEFSQVNNPLISR",3,"b8",1,"L","T",4,"CPTAC_CCRCC_W_JHU_20190112_LUMOS_C3N-00577_T",32005.5332
"Q5HYK3","FLC(UniMod:4)LEFSQVNNPLISR",3,"b7",1,"L","T",4,"CPTAC_CCRCC_W_JHU_20190112_LUMOS_C3N-00577_T",3419.020996
"Q5HYK3","FLC(UniMod:4)LEFSQVNNPLISR",3,"y5",1,"L","NAT",5,"CPTAC_CCRCC_W_JHU_20190112_LUMOS_C3N-00733_NAT",96308.98438
"Q5HYK3","FLC(UniMod:4)LEFSQVNNPLISR",3,"y7",1,"L","NAT",5,"CPTAC_CCRCC_W_JHU_20190112_LUMOS_C3N-00733_NAT",26461.59375
"Q5HYK3","FLC(UniMod:4)LEFSQVNNPLISR",3,"y6",1,"L","NAT",5,"CPTAC_CCRCC_W_JHU_20190112_LUMOS_C3N-00733_NAT",26416.20898
"Q5HYK3","FLC(UniMod:4)LEFSQVNNPLISR",3,"b3",1,"L","NAT",5,"CPTAC_CCRCC_W_JHU_20190112_LUMOS_C3N-00733_NAT",28072.54297
"Q5HYK3","FLC(UniMod:4)LEFSQVNNPLISR",3,"y3",1,"L","NAT",5,"CPTAC_CCRCC_W_JHU_20190112_LUMOS_C3N-00733_NAT",10304.93652
"Q5HYK3","FLC(UniMod:4)LEFSQVNNPLISR",3,"y8",1,"L","NAT",5,"CPTAC_CCRCC_W_JHU_20190112_LUMOS_C3N-00733_NAT",22898.37695
"Q5HYK3","FLC(UniMod:4)LEFSQVNNPLISR",3,"b5",1,"L","NAT",5,"CPTAC_CCRCC_W_JHU_20190112_LUMOS_C3N-00733_NAT",38820.375
"Q5HYK3","FLC(UniMod:4)LEFSQVNNPLISR",3,"b6",1,"L","NAT",5,"CPTAC_CCRCC_W_JHU_20190112_LUMOS_C3N-00733_NAT",129116.5312
"Q5HYK3","FLC(UniMod:4)LEFSQVNNPLISR",3,"y4",1,"L","NAT",5,"CPTAC_CCRCC_W_JHU_20190112_LUMOS_C3N-00733_NAT",22654.04102
"Q5HYK3","FLC(UniMod:4)LEFSQVNNPLISR",3,"b8",1,"L","NAT",5,"CPTAC_CCRCC_W_JHU_20190112_LUMOS_C3N-00733_NAT",5697.231445
"Q5HYK3","FLC(UniMod:4)LEFSQVNNPLISR",3,"y5",1,"L","T",5,"CPTAC_CCRCC_W_JHU_20190112_LUMOS_C3N-00733_T",18949.44336
"Q5HYK3","FLC(UniMod:4)LEFSQVNNPLISR",3,"y6",1,"L","T",5,"CPTAC_CCRCC_W_JHU_20190112_LUMOS_C3N-00733_T",6322.083008
"Q5HYK3","FLC(UniMod:4)LEFSQVNNPLISR",3,"b3",1,"L","T",5,"CPTAC_CCRCC_W_JHU_20190112_LUMOS_C3N-00733_T",2088.191406
"Q5HYK3","FLC(UniMod:4)LEFSQVNNPLISR",3,"y3",1,"L","T",5,"CPTAC_CCRCC_W_JHU_20190112_LUMOS_C3N-00733_T",73583.46875
"Q5HYK3","FLC(UniMod:4)LEFSQVNNPLISR",3,"y8",1,"L","T",5,"CPTAC_CCRCC_W_JHU_20190112_LUMOS_C3N-00733_T",4757.112305
"Q5HYK3","FLC(UniMod:4)LEFSQVNNPLISR",3,"b5",1,"L","T",5,"CPTAC_CCRCC_W_JHU_20190112_LUMOS_C3N-00733_T",22908.43164
"Q5HYK3","FLC(UniMod:4)LEFSQVNNPLISR",3,"b6",1,"L","T",5,"CPTAC_CCRCC_W_JHU_20190112_LUMOS_C3N-00733_T",12795.52051
"Q5HYK3","FLC(UniMod:4)LEFSQVNNPLISR",3,"y4",1,"L","T",5,"CPTAC_CCRCC_W_JHU_20190112_LUMOS_C3N-00733_T",2527.385254
"Q5HYK3","FLC(UniMod:4)LEFSQVNNPLISR",3,"b8",1,"L","T",5,"CPTAC_CCRCC_W_JHU_20190112_LUMOS_C3N-00733_T",16294.60059
"Q5HYK3","FLC(UniMod:4)LEFSQVNNPLISR",3,"y5",1,"L","NAT",3,"CPTAC_CCRCC_W_JHU_20190112_LUMOS_C3L-01882_NAT",348409.7188
"Q5HYK3","FLC(UniMod:4)LEFSQVNNPLISR",3,"y7",1,"L","NAT",3,"CPTAC_CCRCC_W_JHU_20190112_LUMOS_C3L-01882_NAT",237562.9688
"Q5HYK3","FLC(UniMod:4)LEFSQVNNPLISR",3,"y6",1,"L","NAT",3,"CPTAC_CCRCC_W_JHU_20190112_LUMOS_C3L-01882_NAT",73502.47656
"Q5HYK3","FLC(UniMod:4)LEFSQVNNPLISR",3,"b3",1,"L","NAT",3,"CPTAC_CCRCC_W_JHU_20190112_LUMOS_C3L-01882_NAT",95494.20312
"Q5HYK3","FLC(UniMod:4)LEFSQVNNPLISR",3,"y3",1,"L","NAT",3,"CPTAC_CCRCC_W_JHU_20190112_LUMOS_C3L-01882_NAT",132191.6562
"Q5HYK3","FLC(UniMod:4)LEFSQVNNPLISR",3,"y8",1,"L","NAT",3,"CPTAC_CCRCC_W_JHU_20190112_LUMOS_C3L-01882_NAT",72212.76562
"Q5HYK3","FLC(UniMod:4)LEFSQVNNPLISR",3,"b5",1,"L","NAT",3,"CPTAC_CCRCC_W_JHU_20190112_LUMOS_C3L-01882_NAT",50394.03516
"Q5HYK3","FLC(UniMod:4)LEFSQVNNPLISR",3,"b6",1,"L","NAT",3,"CPTAC_CCRCC_W_JHU_20190112_LUMOS_C3L-01882_NAT",62824.87109
"Q5HYK3","FLC(UniMod:4)LEFSQVNNPLISR",3,"y4",1,"L","NAT",3,"CPTAC_CCRCC_W_JHU_20190112_LUMOS_C3L-01882_NAT",85558.98438
"Q5HYK3","FLC(UniMod:4)LEFSQVNNPLISR",3,"b8",1,"L","NAT",3,"CPTAC_CCRCC_W_JHU_20190112_LUMOS_C3L-01882_NAT",5065.050781
"Q5HYK3","FLC(UniMod:4)LEFSQVNNPLISR",3,"b7",1,"L","NAT",3,"CPTAC_CCRCC_W_JHU_20190112_LUMOS_C3L-01882_NAT",19441.81836
"Q5HYK3","FLC(UniMod:4)LEFSQVNNPLISR",3,"y5",1,"L","T",2,"CPTAC_CCRCC_W_JHU_20190112_LUMOS_C3L-00606_T",25028.80664
"Q5HYK3","FLC(UniMod:4)LEFSQVNNPLISR",3,"y7",1,"L","T",2,"CPTAC_CCRCC_W_JHU_20190112_LUMOS_C3L-00606_T",17096.08594
"Q5HYK3","FLC(UniMod:4)LEFSQVNNPLISR",3,"y6",1,"L","T",2,"CPTAC_CCRCC_W_JHU_20190112_LUMOS_C3L-00606_T",4519.058594
"Q5HYK3","FLC(UniMod:4)LEFSQVNNPLISR",3,"b3",1,"L","T",2,"CPTAC_CCRCC_W_JHU_20190112_LUMOS_C3L-00606_T",25904.51172
"Q5HYK3","FLC(UniMod:4)LEFSQVNNPLISR",3,"y3",1,"L","T",2,"CPTAC_CCRCC_W_JHU_20190112_LUMOS_C3L-00606_T",82480.53125
"Q5HYK3","FLC(UniMod:4)LEFSQVNNPLISR",3,"y8",1,"L","T",2,"CPTAC_CCRCC_W_JHU_20190112_LUMOS_C3L-00606_T",5457.275391
"Q5HYK3","FLC(UniMod:4)LEFSQVNNPLISR",3,"b5",1,"L","T",2,"CPTAC_CCRCC_W_JHU_20190112_LUMOS_C3L-00606_T",18360.92188
"Q5HYK3","FLC(UniMod:4)LEFSQVNNPLISR",3,"b6",1,"L","T",2,"CPTAC_CCRCC_W_JHU_20190112_LUMOS_C3L-00606_T",17410.33594
"Q5HYK3","FLC(UniMod:4)LEFSQVNNPLISR",3,"y4",1,"L","T",2,"CPTAC_CCRCC_W_JHU_20190112_LUMOS_C3L-00606_T",2837.079102
"Q5HYK3","FLC(UniMod:4)LEFSQVNNPLISR",3,"b8",1,"L","T",2,"CPTAC_CCRCC_W_JHU_20190112_LUMOS_C3L-00606_T",39930.47266
"Q5HYK3","FLC(UniMod:4)LEFSQVNNPLISR",3,"b7",1,"L","T",2,"CPTAC_CCRCC_W_JHU_20190112_LUMOS_C3L-00606_T",81701.58594
"Q5HYK3","FLC(UniMod:4)LEFSQVNNPLISR",3,"y5",1,"L","NAT",2,"CPTAC_CCRCC_W_JHU_20190112_LUMOS_C3L-00606_NAT",71858.14062
"Q5HYK3","FLC(UniMod:4)LEFSQVNNPLISR",3,"y7",1,"L","NAT",2,"CPTAC_CCRCC_W_JHU_20190112_LUMOS_C3L-00606_NAT",28068.85352
"Q5HYK3","FLC(UniMod:4)LEFSQVNNPLISR",3,"y6",1,"L","NAT",2,"CPTAC_CCRCC_W_JHU_20190112_LUMOS_C3L-00606_NAT",15950.99023
"Q5HYK3","FLC(UniMod:4)LEFSQVNNPLISR",3,"b3",1,"L","NAT",2,"CPTAC_CCRCC_W_JHU_20190112_LUMOS_C3L-00606_NAT",47383.11719
"Q5HYK3","FLC(UniMod:4)LEFSQVNNPLISR",3,"y3",1,"L","NAT",2,"CPTAC_CCRCC_W_JHU_20190112_LUMOS_C3L-00606_NAT",75975.5625
"Q5HYK3","FLC(UniMod:4)LEFSQVNNPLISR",3,"y8",1,"L","NAT",2,"CPTAC_CCRCC_W_JHU_20190112_LUMOS_C3L-00606_NAT",16760.99414
"Q5HYK3","FLC(UniMod:4)LEFSQVNNPLISR",3,"b5",1,"L","NAT",2,"CPTAC_CCRCC_W_JHU_20190112_LUMOS_C3L-00606_NAT",41255.38672
"Q5HYK3","FLC(UniMod:4)LEFSQVNNPLISR",3,"b6",1,"L","NAT",2,"CPTAC_CCRCC_W_JHU_20190112_LUMOS_C3L-00606_NAT",32701.5
"Q5HYK3","FLC(UniMod:4)LEFSQVNNPLISR",3,"y4",1,"L","NAT",2,"CPTAC_CCRCC_W_JHU_20190112_LUMOS_C3L-00606_NAT",13245.97168
"Q5HYK3","FLC(UniMod:4)LEFSQVNNPLISR",3,"b8",1,"L","NAT",2,"CPTAC_CCRCC_W_JHU_20190112_LUMOS_C3L-00606_NAT",49467.45312
"Q5HYK3","FLC(UniMod:4)LEFSQVNNPLISR",3,"b7",1,"L","NAT",2,"CPTAC_CCRCC_W_JHU_20190112_LUMOS_C3L-00606_NAT",59043.00391
"Q96MX6","GFNYTVFDC(UniMod:4)K",2,"y6",1,"L","NAT",4,"CPTAC_CCRCC_W_JHU_20190112_LUMOS_C3N-00577_NAT",85426.74219
"Q96MX6","GFNYTVFDC(UniMod:4)K",2,"y4",1,"L","NAT",4,"CPTAC_CCRCC_W_JHU_20190112_LUMOS_C3N-00577_NAT",82105.72656
"Q96MX6","GFNYTVFDC(UniMod:4)K",2,"y5",1,"L","NAT",4,"CPTAC_CCRCC_W_JHU_20190112_LUMOS_C3N-00577_NAT",110339.1641
"Q96MX6","GFNYTVFDC(UniMod:4)K",2,"b3",1,"L","NAT",4,"CPTAC_CCRCC_W_JHU_20190112_LUMOS_C3N-00577_NAT",322539.4375
"Q96MX6","GFNYTVFDC(UniMod:4)K",2,"y3",1,"L","NAT",4,"CPTAC_CCRCC_W_JHU_20190112_LUMOS_C3N-00577_NAT",71249.57812
"Q96MX6","GFNYTVFDC(UniMod:4)K",2,"y6",1,"L","T",5,"CPTAC_CCRCC_W_JHU_20190112_LUMOS_C3N-00733_T",99895.89844
"Q96MX6","GFNYTVFDC(UniMod:4)K",2,"y4",1,"L","T",5,"CPTAC_CCRCC_W_JHU_20190112_LUMOS_C3N-00733_T",111359.6641
"Q96MX6","GFNYTVFDC(UniMod:4)K",2,"y5",1,"L","T",5,"CPTAC_CCRCC_W_JHU_20190112_LUMOS_C3N-00733_T",97890.04688
"Q96MX6","GFNYTVFDC(UniMod:4)K",2,"y8",1,"L","T",5,"CPTAC_CCRCC_W_JHU_20190112_LUMOS_C3N-00733_T",10258.54004
"Q96MX6","GFNYTVFDC(UniMod:4)K",2,"b3",1,"L","T",5,"CPTAC_CCRCC_W_JHU_20190112_LUMOS_C3N-00733_T",67532.21875
"Q96MX6","GFNYTVFDC(UniMod:4)K",2,"y3",1,"L","T",5,"CPTAC_CCRCC_W_JHU_20190112_LUMOS_C3N-00733_T",66472.30469
"Q96MX6","GFNYTVFDC(UniMod:4)K",2,"b4",1,"L","T",5,"CPTAC_CCRCC_W_JHU_20190112_LUMOS_C3N-00733_T",2987.254639
"Q96MX6","GFNYTVFDC(UniMod:4)K",2,"y6",1,"L","T",2,"CPTAC_CCRCC_W_JHU_20190112_LUMOS_C3L-00606_T",83816.875
"Q96MX6","GFNYTVFDC(UniMod:4)K",2,"y4",1,"L","T",2,"CPTAC_CCRCC_W_JHU_20190112_LUMOS_C3L-00606_T",94123.14062
"Q96MX6","GFNYTVFDC(UniMod:4)K",2,"y5",1,"L","T",2,"CPTAC_CCRCC_W_JHU_20190112_LUMOS_C3L-00606_T",91502.60938
"Q96MX6","GFNYTVFDC(UniMod:4)K",2,"b3",1,"L","T",2,"CPTAC_CCRCC_W_JHU_20190112_LUMOS_C3L-00606_T",211567.6719
"Q96MX6","GFNYTVFDC(UniMod:4)K",2,"y3",1,"L","T",2,"CPTAC_CCRCC_W_JHU_20190112_LUMOS_C3L-00606_T",69253.73438
"Q96MX6","GFNYTVFDC(UniMod:4)K",2,"b4",1,"L","T",2,"CPTAC_CCRCC_W_JHU_20190112_LUMOS_C3L-00606_T",1638.450928
"Q96MX6","GFNYTVFDC(UniMod:4)K",2,"b5",1,"L","T",2,"CPTAC_CCRCC_W_JHU_20190112_LUMOS_C3L-00606_T",13565.06934
"Q96MX6","GFNYTVFDC(UniMod:4)K",2,"y6",1,"L","NAT",2,"CPTAC_CCRCC_W_JHU_20190112_LUMOS_C3L-00606_NAT",68591.55469
"Q96MX6","GFNYTVFDC(UniMod:4)K",2,"y4",1,"L","NAT",2,"CPTAC_CCRCC_W_JHU_20190112_LUMOS_C3L-00606_NAT",73928.82812
"Q96MX6","GFNYTVFDC(UniMod:4)K",2,"y5",1,"L","NAT",2,"CPTAC_CCRCC_W_JHU_20190112_LUMOS_C3L-00606_NAT",92344.89844
"Q96MX6","GFNYTVFDC(UniMod:4)K",2,"b3",1,"L","NAT",2,"CPTAC_CCRCC_W_JHU_20190112_LUMOS_C3L-00606_NAT",436316.6562
"Q96MX6","GFNYTVFDC(UniMod:4)K",2,"y3",1,"L","NAT",2,"CPTAC_CCRCC_W_JHU_20190112_LUMOS_C3L-00606_NAT",82160.90625
"Q96MX6","GFNYTVFDC(UniMod:4)K",2,"b5",1,"L","NAT",2,"CPTAC_CCRCC_W_JHU_20190112_LUMOS_C3L-00606_NAT",14550.22363
"Q16827","LIGLDIPHFAADLPLNR",3,"y11",2,"L","NAT",4,"CPTAC_CCRCC_W_JHU_20190112_LUMOS_C3N-00577_NAT",4054.898682
"Q16827","LIGLDIPHFAADLPLNR",3,"y11",1,"L","NAT",4,"CPTAC_CCRCC_W_JHU_20190112_LUMOS_C3N-00577_NAT",18652.01172
"Q16827","LIGLDIPHFAADLPLNR",3,"y5",1,"L","NAT",4,"CPTAC_CCRCC_W_JHU_20190112_LUMOS_C3N-00577_NAT",18846.19141
"Q16827","LIGLDIPHFAADLPLNR",3,"y9",1,"L","NAT",4,"CPTAC_CCRCC_W_JHU_20190112_LUMOS_C3N-00577_NAT",18283.14844
"Q16827","LIGLDIPHFAADLPLNR",3,"y8",1,"L","NAT",4,"CPTAC_CCRCC_W_JHU_20190112_LUMOS_C3N-00577_NAT",9166.427734
"Q16827","LIGLDIPHFAADLPLNR",3,"y4",1,"L","NAT",4,"CPTAC_CCRCC_W_JHU_20190112_LUMOS_C3N-00577_NAT",12664.47754
"Q16827","LIGLDIPHFAADLPLNR",3,"y10",2,"L","NAT",4,"CPTAC_CCRCC_W_JHU_20190112_LUMOS_C3N-00577_NAT",11079.03711
"Q16827","LIGLDIPHFAADLPLNR",3,"y12",2,"L","NAT",4,"CPTAC_CCRCC_W_JHU_20190112_LUMOS_C3N-00577_NAT",23444.18945
"Q16827","LIGLDIPHFAADLPLNR",3,"y11",2,"L","NAT",1,"CPTAC_CCRCC_W_JHU_20190112_LUMOS_C3L-00418_NAT",24909.87695
"Q16827","LIGLDIPHFAADLPLNR",3,"y11",1,"L","NAT",1,"CPTAC_CCRCC_W_JHU_20190112_LUMOS_C3L-00418_NAT",153307.8125
"Q16827","LIGLDIPHFAADLPLNR",3,"y5",1,"L","NAT",1,"CPTAC_CCRCC_W_JHU_20190112_LUMOS_C3L-00418_NAT",155140.0938
"Q16827","LIGLDIPHFAADLPLNR",3,"y9",1,"L","NAT",1,"CPTAC_CCRCC_W_JHU_20190112_LUMOS_C3L-00418_NAT",165129.5781
"Q16827","LIGLDIPHFAADLPLNR",3,"y8",1,"L","NAT",1,"CPTAC_CCRCC_W_JHU_20190112_LUMOS_C3L-00418_NAT",109668.9219
"Q16827","LIGLDIPHFAADLPLNR",3,"y4",1,"L","NAT",1,"CPTAC_CCRCC_W_JHU_20190112_LUMOS_C3L-00418_NAT",55557.15234
"Q16827","LIGLDIPHFAADLPLNR",3,"y16",2,"L","NAT",1,"CPTAC_CCRCC_W_JHU_20190112_LUMOS_C3L-00418_NAT",18371.72266
"Q16827","LIGLDIPHFAADLPLNR",3,"y10",2,"L","NAT",1,"CPTAC_CCRCC_W_JHU_20190112_LUMOS_C3L-00418_NAT",129733
"Q16827","LIGLDIPHFAADLPLNR",3,"y7",1,"L","NAT",1,"CPTAC_CCRCC_W_JHU_20190112_LUMOS_C3L-00418_NAT",62118.24609
"Q16827","LIGLDIPHFAADLPLNR",3,"y12",2,"L","NAT",1,"CPTAC_CCRCC_W_JHU_20190112_LUMOS_C3L-00418_NAT",34356.71094
"Q16827","LIGLDIPHFAADLPLNR",3,"y11",2,"L","NAT",5,"CPTAC_CCRCC_W_JHU_20190112_LUMOS_C3N-00733_NAT",16542.37305
"Q16827","LIGLDIPHFAADLPLNR",3,"y11",1,"L","NAT",5,"CPTAC_CCRCC_W_JHU_20190112_LUMOS_C3N-00733_NAT",65747.60156
"Q16827","LIGLDIPHFAADLPLNR",3,"y5",1,"L","NAT",5,"CPTAC_CCRCC_W_JHU_20190112_LUMOS_C3N-00733_NAT",66046.63281
"Q16827","LIGLDIPHFAADLPLNR",3,"y9",1,"L","NAT",5,"CPTAC_CCRCC_W_JHU_20190112_LUMOS_C3N-00733_NAT",70162.07031
"Q16827","LIGLDIPHFAADLPLNR",3,"y8",1,"L","NAT",5,"CPTAC_CCRCC_W_JHU_20190112_LUMOS_C3N-00733_NAT",45726.51562
"Q16827","LIGLDIPHFAADLPLNR",3,"y4",1,"L","NAT",5,"CPTAC_CCRCC_W_JHU_20190112_LUMOS_C3N-00733_NAT",25851.77148
"Q16827","LIGLDIPHFAADLPLNR",3,"y10",2,"L","NAT",5,"CPTAC_CCRCC_W_JHU_20190112_LUMOS_C3N-00733_NAT",21890.24023
"Q16827","LIGLDIPHFAADLPLNR",3,"y7",1,"L","NAT",5,"CPTAC_CCRCC_W_JHU_20190112_LUMOS_C3N-00733_NAT",12853.59961
"Q16827","LIGLDIPHFAADLPLNR",3,"y12",2,"L","NAT",5,"CPTAC_CCRCC_W_JHU_20190112_LUMOS_C3N-00733_NAT",10742.72461
"Q16827","LIGLDIPHFAADLPLNR",3,"y15",2,"L","NAT",3,"CPTAC_CCRCC_W_JHU_20190112_LUMOS_C3L-01882_NAT",38085.75
"Q16827","LIGLDIPHFAADLPLNR",3,"y11",2,"L","NAT",3,"CPTAC_CCRCC_W_JHU_20190112_LUMOS_C3L-01882_NAT",213792.0312
"Q16827","LIGLDIPHFAADLPLNR",3,"y11",1,"L","NAT",3,"CPTAC_CCRCC_W_JHU_20190112_LUMOS_C3L-01882_NAT",325149.0625
"Q16827","LIGLDIPHFAADLPLNR",3,"y5",1,"L","NAT",3,"CPTAC_CCRCC_W_JHU_20190112_LUMOS_C3L-01882_NAT",343101.8438
"Q16827","LIGLDIPHFAADLPLNR",3,"y9",1,"L","NAT",3,"CPTAC_CCRCC_W_JHU_20190112_LUMOS_C3L-01882_NAT",328165.4688
"Q16827","LIGLDIPHFAADLPLNR",3,"y8",1,"L","NAT",3,"CPTAC_CCRCC_W_JHU_20190112_LUMOS_C3L-01882_NAT",272795.6562
"Q16827","LIGLDIPHFAADLPLNR",3,"y4",1,"L","NAT",3,"CPTAC_CCRCC_W_JHU_20190112_LUMOS_C3L-01882_NAT",145957.75
"Q16827","LIGLDIPHFAADLPLNR",3,"y16",2,"L","NAT",3,"CPTAC_CCRCC_W_JHU_20190112_LUMOS_C3L-01882_NAT",11918.58398
"Q16827","LIGLDIPHFAADLPLNR",3,"y10",2,"L","NAT",3,"CPTAC_CCRCC_W_JHU_20190112_LUMOS_C3L-01882_NAT",188514.7344
"Q16827","LIGLDIPHFAADLPLNR",3,"y7",1,"L","NAT",3,"CPTAC_CCRCC_W_JHU_20190112_LUMOS_C3L-01882_NAT",113943.7578
"Q16827","LIGLDIPHFAADLPLNR",3,"y13",2,"L","NAT",3,"CPTAC_CCRCC_W_JHU_20190112_LUMOS_C3L-01882_NAT",1961.076538
"Q16827","LIGLDIPHFAADLPLNR",3,"y12",2,"L","NAT",3,"CPTAC_CCRCC_W_JHU_20190112_LUMOS_C3L-01882_NAT",27435.09375
"Q16827","LIGLDIPHFAADLPLNR",3,"y11",2,"L","T",2,"CPTAC_CCRCC_W_JHU_20190112_LUMOS_C3L-00606_T",1372.391113
"Q16827","LIGLDIPHFAADLPLNR",3,"y11",1,"L","T",2,"CPTAC_CCRCC_W_JHU_20190112_LUMOS_C3L-00606_T",20538.50195
"Q16827","LIGLDIPHFAADLPLNR",3,"y5",1,"L","T",2,"CPTAC_CCRCC_W_JHU_20190112_LUMOS_C3L-00606_T",21759.45508
"Q16827","LIGLDIPHFAADLPLNR",3,"y9",1,"L","T",2,"CPTAC_CCRCC_W_JHU_20190112_LUMOS_C3L-00606_T",25357.32422
"Q16827","LIGLDIPHFAADLPLNR",3,"y8",1,"L","T",2,"CPTAC_CCRCC_W_JHU_20190112_LUMOS_C3L-00606_T",14704.9541
"Q16827","LIGLDIPHFAADLPLNR",3,"y4",1,"L","T",2,"CPTAC_CCRCC_W_JHU_20190112_LUMOS_C3L-00606_T",13462.03418
"Q16827","LIGLDIPHFAADLPLNR",3,"y10",2,"L","T",2,"CPTAC_CCRCC_W_JHU_20190112_LUMOS_C3L-00606_T",7818.111328
"Q16827","LIGLDIPHFAADLPLNR",3,"y7",1,"L","T",2,"CPTAC_CCRCC_W_JHU_20190112_LUMOS_C3L-00606_T",1724.114136
"Q16827","LIGLDIPHFAADLPLNR",3,"y11",1,"L","NAT",2,"CPTAC_CCRCC_W_JHU_20190112_LUMOS_C3L-00606_NAT",17674.24414
"Q16827","LIGLDIPHFAADLPLNR",3,"y5",1,"L","NAT",2,"CPTAC_CCRCC_W_JHU_20190112_LUMOS_C3L-00606_NAT",5129.405762
"Q16827","LIGLDIPHFAADLPLNR",3,"y9",1,"L","NAT",2,"CPTAC_CCRCC_W_JHU_20190112_LUMOS_C3L-00606_NAT",11075.5332
"Q16827","LIGLDIPHFAADLPLNR",3,"y8",1,"L","NAT",2,"CPTAC_CCRCC_W_JHU_20190112_LUMOS_C3L-00606_NAT",2425.008545
"Q16827","LIGLDIPHFAADLPLNR",3,"y4",1,"L","NAT",2,"CPTAC_CCRCC_W_JHU_20190112_LUMOS_C3L-00606_NAT",1207.96521
"Q16827","LIGLDIPHFAADLPLNR",3,"y16",2,"L","NAT",2,"CPTAC_CCRCC_W_JHU_20190112_LUMOS_C3L-00606_NAT",8883.581055
"Q16827","LIGLDIPHFAADLPLNR",3,"y10",2,"L","NAT",2,"CPTAC_CCRCC_W_JHU_20190112_LUMOS_C3L-00606_NAT",56920.86719
"Q16827","LIGLDIPHFAADLPLNR",3,"y7",1,"L","NAT",2,"CPTAC_CCRCC_W_JHU_20190112_LUMOS_C3L-00606_NAT",3862.75
"O15260","MWFQWSEQR",2,"y7",1,"L","NAT",4,"CPTAC_CCRCC_W_JHU_20190112_LUMOS_C3N-00577_NAT",79766.9375
"O15260","MWFQWSEQR",2,"y5",1,"L","NAT",4,"CPTAC_CCRCC_W_JHU_20190112_LUMOS_C3N-00577_NAT",164852.5781
"O15260","MWFQWSEQR",2,"y6",1,"L","NAT",4,"CPTAC_CCRCC_W_JHU_20190112_LUMOS_C3N-00577_NAT",69139.91406
"O15260","MWFQWSEQR",2,"y4",1,"L","NAT",4,"CPTAC_CCRCC_W_JHU_20190112_LUMOS_C3N-00577_NAT",82479.73438
"O15260","MWFQWSEQR",2,"y3",1,"L","NAT",4,"CPTAC_CCRCC_W_JHU_20190112_LUMOS_C3N-00577_NAT",17110.1543
"O15260","MWFQWSEQR",2,"y8",2,"L","NAT",4,"CPTAC_CCRCC_W_JHU_20190112_LUMOS_C3N-00577_NAT",1686.35498
"O15260","MWFQWSEQR",2,"y6",2,"L","NAT",4,"CPTAC_CCRCC_W_JHU_20190112_LUMOS_C3N-00577_NAT",24236.75391
"O15260","MWFQWSEQR",2,"b5",1,"L","NAT",4,"CPTAC_CCRCC_W_JHU_20190112_LUMOS_C3N-00577_NAT",10414.01465
"O15260","MWFQWSEQR",2,"y7",1,"L","NAT",1,"CPTAC_CCRCC_W_JHU_20190112_LUMOS_C3L-00418_NAT",393989.1875
"O15260","MWFQWSEQR",2,"y5",1,"L","NAT",1,"CPTAC_CCRCC_W_JHU_20190112_LUMOS_C3L-00418_NAT",241973.8906
"O15260","MWFQWSEQR",2,"y6",1,"L","NAT",1,"CPTAC_CCRCC_W_JHU_20190112_LUMOS_C3L-00418_NAT",195039.3594
"O15260","MWFQWSEQR",2,"y8",1,"L","NAT",1,"CPTAC_CCRCC_W_JHU_20190112_LUMOS_C3L-00418_NAT",35633.54297
"O15260","MWFQWSEQR",2,"b3",1,"L","NAT",1,"CPTAC_CCRCC_W_JHU_20190112_LUMOS_C3L-00418_NAT",43900.65625
"O15260","MWFQWSEQR",2,"y3",1,"L","NAT",1,"CPTAC_CCRCC_W_JHU_20190112_LUMOS_C3L-00418_NAT",2122.596191
"O15260","MWFQWSEQR",2,"y7",2,"L","NAT",1,"CPTAC_CCRCC_W_JHU_20190112_LUMOS_C3L-00418_NAT",1669.066406
"O15260","MWFQWSEQR",2,"b4",1,"L","NAT",1,"CPTAC_CCRCC_W_JHU_20190112_LUMOS_C3L-00418_NAT",11495.52246
"O15260","MWFQWSEQR",2,"y8",2,"L","NAT",1,"CPTAC_CCRCC_W_JHU_20190112_LUMOS_C3L-00418_NAT",6724.797852
"O15260","MWFQWSEQR",2,"y6",2,"L","NAT",1,"CPTAC_CCRCC_W_JHU_20190112_LUMOS_C3L-00418_NAT",75061.40625
"O15260","MWFQWSEQR",2,"b5",1,"L","NAT",1,"CPTAC_CCRCC_W_JHU_20190112_LUMOS_C3L-00418_NAT",10564.22168
"O15260","MWFQWSEQR",2,"y7",1,"L","T",4,"CPTAC_CCRCC_W_JHU_20190112_LUMOS_C3N-00577_T",285167.4375
"O15260","MWFQWSEQR",2,"y5",1,"L","T",4,"CPTAC_CCRCC_W_JHU_20190112_LUMOS_C3N-00577_T",273048.2812
"O15260","MWFQWSEQR",2,"y6",1,"L","T",4,"CPTAC_CCRCC_W_JHU_20190112_LUMOS_C3N-00577_T",305975.9062
"O15260","MWFQWSEQR",2,"y4",1,"L","T",4,"CPTAC_CCRCC_W_JHU_20190112_LUMOS_C3N-00577_T",129353.5391
"O15260","MWFQWSEQR",2,"y8",1,"L","T",4,"CPTAC_CCRCC_W_JHU_20190112_LUMOS_C3N-00577_T",52855.66016
"O15260","MWFQWSEQR",2,"b3",1,"L","T",4,"CPTAC_CCRCC_W_JHU_20190112_LUMOS_C3N-00577_T",27455.94531
"O15260","MWFQWSEQR",2,"y3",1,"L","T",4,"CPTAC_CCRCC_W_JHU_20190112_LUMOS_C3N-00577_T",48402.79688
"O15260","MWFQWSEQR",2,"b4",1,"L","T",4,"CPTAC_CCRCC_W_JHU_20190112_LUMOS_C3N-00577_T",13743.47949
"O15260","MWFQWSEQR",2,"y6",2,"L","T",4,"CPTAC_CCRCC_W_JHU_20190112_LUMOS_C3N-00577_T",145854.2188
"O15260","MWFQWSEQR",2,"b5",1,"L","T",4,"CPTAC_CCRCC_W_JHU_20190112_LUMOS_C3N-00577_T",16738.90625
"O15260","MWFQWSEQR",2,"y7",1,"L","NAT",5,"CPTAC_CCRCC_W_JHU_20190112_LUMOS_C3N-00733_NAT",282515.2812
"O15260","MWFQWSEQR",2,"y5",1,"L","NAT",5,"CPTAC_CCRCC_W_JHU_20190112_LUMOS_C3N-00733_NAT",234863.3281
"O15260","MWFQWSEQR",2,"y6",1,"L","NAT",5,"CPTAC_CCRCC_W_JHU_20190112_LUMOS_C3N-00733_NAT",73883.66406
"O15260","MWFQWSEQR",2,"y4",1,"L","NAT",5,"CPTAC_CCRCC_W_JHU_20190112_LUMOS_C3N-00733_NAT",84636.34375
"O15260","MWFQWSEQR",2,"y8",1,"L","NAT",5,"CPTAC_CCRCC_W_JHU_20190112_LUMOS_C3N-00733_NAT",16690.625
"O15260","MWFQWSEQR",2,"b3",1,"L","NAT",5,"CPTAC_CCRCC_W_JHU_20190112_LUMOS_C3N-00733_NAT",53474.625
"O15260","MWFQWSEQR",2,"y3",1,"L","NAT",5,"CPTAC_CCRCC_W_JHU_20190112_LUMOS_C3N-00733_NAT",59400.625
"O15260","MWFQWSEQR",2,"y7",1,"L","T",5,"CPTAC_CCRCC_W_JHU_20190112_LUMOS_C3N-00733_T",192866.6406
"O15260","MWFQWSEQR",2,"y5",1,"L","T",5,"CPTAC_CCRCC_W_JHU_20190112_LUMOS_C3N-00733_T",64308.63281
"O15260","MWFQWSEQR",2,"y6",1,"L","T",5,"CPTAC_CCRCC_W_JHU_20190112_LUMOS_C3N-00733_T",40334.07031
"O15260","MWFQWSEQR",2,"y4",1,"L","T",5,"CPTAC_CCRCC_W_JHU_20190112_LUMOS_C3N-00733_T",25939.4707
"O15260","MWFQWSEQR",2,"y8",1,"L","T",5,"CPTAC_CCRCC_W_JHU_20190112_LUMOS_C3N-00733_T",11338.64062
"O15260","MWFQWSEQR",2,"b3",1,"L","T",5,"CPTAC_CCRCC_W_JHU_20190112_LUMOS_C3N-00733_T",30615.00391
"O15260","MWFQWSEQR",2,"y3",1,"L","T",5,"CPTAC_CCRCC_W_JHU_20190112_LUMOS_C3N-00733_T",10646.69336
"O15260","MWFQWSEQR",2,"y7",1,"L","NAT",3,"CPTAC_CCRCC_W_JHU_20190112_LUMOS_C3L-01882_NAT",306800.5938
"O15260","MWFQWSEQR",2,"y5",1,"L","NAT",3,"CPTAC_CCRCC_W_JHU_20190112_LUMOS_C3L-01882_NAT",250651.6406
"O15260","MWFQWSEQR",2,"y6",1,"L","NAT",3,"CPTAC_CCRCC_W_JHU_20190112_LUMOS_C3L-01882_NAT",962057.75
"O15260","MWFQWSEQR",2,"y4",1,"L","NAT",3,"CPTAC_CCRCC_W_JHU_20190112_LUMOS_C3L-01882_NAT",80674.38281
"O15260","MWFQWSEQR",2,"y8",1,"L","NAT",3,"CPTAC_CCRCC_W_JHU_20190112_LUMOS_C3L-01882_NAT",75825.85156
"O15260","MWFQWSEQR",2,"y3",1,"L","NAT",3,"CPTAC_CCRCC_W_JHU_20190112_LUMOS_C3L-01882_NAT",334879.125
"O15260","MWFQWSEQR",2,"y6",2,"L","NAT",3,"CPTAC_CCRCC_W_JHU_20190112_LUMOS_C3L-01882_NAT",934380.3125
"O15260","MWFQWSEQR",2,"y7",1,"L","T",2,"CPTAC_CCRCC_W_JHU_20190112_LUMOS_C3L-00606_T",686943.1875
"O15260","MWFQWSEQR",2,"y5",1,"L","T",2,"CPTAC_CCRCC_W_JHU_20190112_LUMOS_C3L-00606_T",405034.625
"O15260","MWFQWSEQR",2,"y6",1,"L","T",2,"CPTAC_CCRCC_W_JHU_20190112_LUMOS_C3L-00606_T",262265.3438
"O15260","MWFQWSEQR",2,"y4",1,"L","T",2,"CPTAC_CCRCC_W_JHU_20190112_LUMOS_C3L-00606_T",31982.82617
"O15260","MWFQWSEQR",2,"y8",1,"L","T",2,"CPTAC_CCRCC_W_JHU_20190112_LUMOS_C3L-00606_T",89010.09375
"O15260","MWFQWSEQR",2,"b3",1,"L","T",2,"CPTAC_CCRCC_W_JHU_20190112_LUMOS_C3L-00606_T",369316.0312
"O15260","MWFQWSEQR",2,"y3",1,"L","T",2,"CPTAC_CCRCC_W_JHU_20190112_LUMOS_C3L-00606_T",45688.53125
"O15260","MWFQWSEQR",2,"y6",2,"L","T",2,"CPTAC_CCRCC_W_JHU_20190112_LUMOS_C3L-00606_T",36719.04297
"O15260","MWFQWSEQR",2,"b5",1,"L","T",2,"CPTAC_CCRCC_W_JHU_20190112_LUMOS_C3L-00606_T",26756.36133
"Q16795","NFDFEDVFVK",2,"y8",1,"L","NAT",4,"CPTAC_CCRCC_W_JHU_20190112_LUMOS_C3N-00577_NAT",1572082.25
"Q16795","NFDFEDVFVK",2,"y7",1,"L","NAT",4,"CPTAC_CCRCC_W_JHU_20190112_LUMOS_C3N-00577_NAT",1028288
"Q16795","NFDFEDVFVK",2,"y6",1,"L","NAT",4,"CPTAC_CCRCC_W_JHU_20190112_LUMOS_C3N-00577_NAT",347792.6562
"Q16795","NFDFEDVFVK",2,"y3",1,"L","NAT",4,"CPTAC_CCRCC_W_JHU_20190112_LUMOS_C3N-00577_NAT",1287542.75
"Q16795","NFDFEDVFVK",2,"y5",1,"L","NAT",4,"CPTAC_CCRCC_W_JHU_20190112_LUMOS_C3N-00577_NAT",338148.375
"Q16795","NFDFEDVFVK",2,"b3",1,"L","NAT",4,"CPTAC_CCRCC_W_JHU_20190112_LUMOS_C3N-00577_NAT",369348.4688
"Q16795","NFDFEDVFVK",2,"y4",1,"L","NAT",4,"CPTAC_CCRCC_W_JHU_20190112_LUMOS_C3N-00577_NAT",669778.4375
"Q16795","NFDFEDVFVK",2,"y9",1,"L","NAT",4,"CPTAC_CCRCC_W_JHU_20190112_LUMOS_C3N-00577_NAT",64069.62891
"Q16795","NFDFEDVFVK",2,"b4",1,"L","NAT",4,"CPTAC_CCRCC_W_JHU_20190112_LUMOS_C3N-00577_NAT",18550.62109
"Q16795","NFDFEDVFVK",2,"b6",1,"L","NAT",4,"CPTAC_CCRCC_W_JHU_20190112_LUMOS_C3N-00577_NAT",21771.80859
"Q16795","NFDFEDVFVK",2,"b7",1,"L","NAT",4,"CPTAC_CCRCC_W_JHU_20190112_LUMOS_C3N-00577_NAT",9467.496094
"Q16795","NFDFEDVFVK",2,"y8",1,"L","NAT",1,"CPTAC_CCRCC_W_JHU_20190112_LUMOS_C3L-00418_NAT",1485535
"Q16795","NFDFEDVFVK",2,"y7",1,"L","NAT",1,"CPTAC_CCRCC_W_JHU_20190112_LUMOS_C3L-00418_NAT",833501.8125
"Q16795","NFDFEDVFVK",2,"y6",1,"L","NAT",1,"CPTAC_CCRCC_W_JHU_20190112_LUMOS_C3L-00418_NAT",330396.7812
"Q16795","NFDFEDVFVK",2,"y3",1,"L","NAT",1,"CPTAC_CCRCC_W_JHU_20190112_LUMOS_C3L-00418_NAT",1225477.5
"Q16795","NFDFEDVFVK",2,"y5",1,"L","NAT",1,"CPTAC_CCRCC_W_JHU_20190112_LUMOS_C3L-00418_NAT",126385.625
"Q16795","NFDFEDVFVK",2,"b3",1,"L","NAT",1,"CPTAC_CCRCC_W_JHU_20190112_LUMOS_C3L-00418_NAT",348129.9062
"Q16795","NFDFEDVFVK",2,"y4",1,"L","NAT",1,"CPTAC_CCRCC_W_JHU_20190112_LUMOS_C3L-00418_NAT",614572.5
"Q16795","NFDFEDVFVK",2,"y9",1,"L","NAT",1,"CPTAC_CCRCC_W_JHU_20190112_LUMOS_C3L-00418_NAT",47802.85547
"Q16795","NFDFEDVFVK",2,"b4",1,"L","NAT",1,"CPTAC_CCRCC_W_JHU_20190112_LUMOS_C3L-00418_NAT",5175.879395
"Q16795","NFDFEDVFVK",2,"b7",1,"L","NAT",1,"CPTAC_CCRCC_W_JHU_20190112_LUMOS_C3L-00418_NAT",1651.221924
"Q16795","NFDFEDVFVK",2,"y8",1,"L","T",4,"CPTAC_CCRCC_W_JHU_20190112_LUMOS_C3N-00577_T",95651.92969
"Q16795","NFDFEDVFVK",2,"y7",1,"L","T",4,"CPTAC_CCRCC_W_JHU_20190112_LUMOS_C3N-00577_T",41351.23438
"Q16795","NFDFEDVFVK",2,"y3",1,"L","T",4,"CPTAC_CCRCC_W_JHU_20190112_LUMOS_C3N-00577_T",104200.2188
"Q16795","NFDFEDVFVK",2,"y5",1,"L","T",4,"CPTAC_CCRCC_W_JHU_20190112_LUMOS_C3N-00577_T",35564.32812
"Q16795","NFDFEDVFVK",2,"b3",1,"L","T",4,"CPTAC_CCRCC_W_JHU_20190112_LUMOS_C3N-00577_T",19956.89258
"Q16795","NFDFEDVFVK",2,"y4",1,"L","T",4,"CPTAC_CCRCC_W_JHU_20190112_LUMOS_C3N-00577_T",32611.50391
"Q16795","NFDFEDVFVK",2,"y9",1,"L","T",4,"CPTAC_CCRCC_W_JHU_20190112_LUMOS_C3N-00577_T",6991.692383
"Q16795","NFDFEDVFVK",2,"y9",2,"L","T",4,"CPTAC_CCRCC_W_JHU_20190112_LUMOS_C3N-00577_T",1592.808105
"Q16795","NFDFEDVFVK",2,"y8",1,"L","NAT",5,"CPTAC_CCRCC_W_JHU_20190112_LUMOS_C3N-00733_NAT",1429955.5
"Q16795","NFDFEDVFVK",2,"y7",1,"L","NAT",5,"CPTAC_CCRCC_W_JHU_20190112_LUMOS_C3N-00733_NAT",1015211.188
"Q16795","NFDFEDVFVK",2,"y6",1,"L","NAT",5,"CPTAC_CCRCC_W_JHU_20190112_LUMOS_C3N-00733_NAT",483781.9062
"Q16795","NFDFEDVFVK",2,"y3",1,"L","NAT",5,"CPTAC_CCRCC_W_JHU_20190112_LUMOS_C3N-00733_NAT",1241662.375
"Q16795","NFDFEDVFVK",2,"y5",1,"L","NAT",5,"CPTAC_CCRCC_W_JHU_20190112_LUMOS_C3N-00733_NAT",616936.9375
"Q16795","NFDFEDVFVK",2,"b3",1,"L","NAT",5,"CPTAC_CCRCC_W_JHU_20190112_LUMOS_C3N-00733_NAT",363129.6875
"Q16795","NFDFEDVFVK",2,"y4",1,"L","NAT",5,"CPTAC_CCRCC_W_JHU_20190112_LUMOS_C3N-00733_NAT",645378.625
"Q16795","NFDFEDVFVK",2,"y9",1,"L","NAT",5,"CPTAC_CCRCC_W_JHU_20190112_LUMOS_C3N-00733_NAT",87901.22656
"Q16795","NFDFEDVFVK",2,"y9",2,"L","NAT",5,"CPTAC_CCRCC_W_JHU_20190112_LUMOS_C3N-00733_NAT",6427.463379
"Q16795","NFDFEDVFVK",2,"b4",1,"L","NAT",5,"CPTAC_CCRCC_W_JHU_20190112_LUMOS_C3N-00733_NAT",15907.16309
"Q16795","NFDFEDVFVK",2,"b6",1,"L","NAT",5,"CPTAC_CCRCC_W_JHU_20190112_LUMOS_C3N-00733_NAT",7541.233398
"Q16795","NFDFEDVFVK",2,"b7",1,"L","NAT",5,"CPTAC_CCRCC_W_JHU_20190112_LUMOS_C3N-00733_NAT",5797.354492
"Q16795","NFDFEDVFVK",2,"y8",1,"L","T",5,"CPTAC_CCRCC_W_JHU_20190112_LUMOS_C3N-00733_T",126586.9219
"Q16795","NFDFEDVFVK",2,"y7",1,"L","T",5,"CPTAC_CCRCC_W_JHU_20190112_LUMOS_C3N-00733_T",144123.4062
"Q16795","NFDFEDVFVK",2,"y3",1,"L","T",5,"CPTAC_CCRCC_W_JHU_20190112_LUMOS_C3N-00733_T",178606.7344
"Q16795","NFDFEDVFVK",2,"y5",1,"L","T",5,"CPTAC_CCRCC_W_JHU_20190112_LUMOS_C3N-00733_T",50052.41016
"Q16795","NFDFEDVFVK",2,"b3",1,"L","T",5,"CPTAC_CCRCC_W_JHU_20190112_LUMOS_C3N-00733_T",55348.13281
"Q16795","NFDFEDVFVK",2,"y4",1,"L","T",5,"CPTAC_CCRCC_W_JHU_20190112_LUMOS_C3N-00733_T",66627.50781
"Q16795","NFDFEDVFVK",2,"y9",1,"L","T",5,"CPTAC_CCRCC_W_JHU_20190112_LUMOS_C3N-00733_T",4156.984375
"Q16795","NFDFEDVFVK",2,"b4",1,"L","T",5,"CPTAC_CCRCC_W_JHU_20190112_LUMOS_C3N-00733_T",2115.765869
"Q16795","NFDFEDVFVK",2,"y8",1,"L","NAT",3,"CPTAC_CCRCC_W_JHU_20190112_LUMOS_C3L-01882_NAT",3481414.5
"Q16795","NFDFEDVFVK",2,"y7",1,"L","NAT",3,"CPTAC_CCRCC_W_JHU_20190112_LUMOS_C3L-01882_NAT",2311041.75
"Q16795","NFDFEDVFVK",2,"y6",1,"L","NAT",3,"CPTAC_CCRCC_W_JHU_20190112_LUMOS_C3L-01882_NAT",1472602.75
"Q16795","NFDFEDVFVK",2,"y3",1,"L","NAT",3,"CPTAC_CCRCC_W_JHU_20190112_LUMOS_C3L-01882_NAT",2930308.75
"Q16795","NFDFEDVFVK",2,"y5",1,"L","NAT",3,"CPTAC_CCRCC_W_JHU_20190112_LUMOS_C3L-01882_NAT",1370432.875
"Q16795","NFDFEDVFVK",2,"b3",1,"L","NAT",3,"CPTAC_CCRCC_W_JHU_20190112_LUMOS_C3L-01882_NAT",1018982.5
"Q16795","NFDFEDVFVK",2,"y4",1,"L","NAT",3,"CPTAC_CCRCC_W_JHU_20190112_LUMOS_C3L-01882_NAT",1442666.25
"Q16795","NFDFEDVFVK",2,"y9",1,"L","NAT",3,"CPTAC_CCRCC_W_JHU_20190112_LUMOS_C3L-01882_NAT",199639.0625
"Q16795","NFDFEDVFVK",2,"b4",1,"L","NAT",3,"CPTAC_CCRCC_W_JHU_20190112_LUMOS_C3L-01882_NAT",29521.1875
"Q16795","NFDFEDVFVK",2,"b7",1,"L","NAT",3,"CPTAC_CCRCC_W_JHU_20190112_LUMOS_C3L-01882_NAT",6133.041016
"Q16795","NFDFEDVFVK",2,"y8",1,"L","T",1,"CPTAC_CCRCC_W_JHU_20190112_LUMOS_C3L-00418_T",108484.1094
"Q16795","NFDFEDVFVK",2,"y3",1,"L","T",1,"CPTAC_CCRCC_W_JHU_20190112_LUMOS_C3L-00418_T",132365.9688
"Q16795","NFDFEDVFVK",2,"y5",1,"L","T",1,"CPTAC_CCRCC_W_JHU_20190112_LUMOS_C3L-00418_T",49675.11328
"Q16795","NFDFEDVFVK",2,"b3",1,"L","T",1,"CPTAC_CCRCC_W_JHU_20190112_LUMOS_C3L-00418_T",29233.8125
"Q16795","NFDFEDVFVK",2,"y4",1,"L","T",1,"CPTAC_CCRCC_W_JHU_20190112_LUMOS_C3L-00418_T",38989.44531
"Q16795","NFDFEDVFVK",2,"y9",1,"L","T",1,"CPTAC_CCRCC_W_JHU_20190112_LUMOS_C3L-00418_T",9390.577148
"Q16795","NFDFEDVFVK",2,"y9",2,"L","T",1,"CPTAC_CCRCC_W_JHU_20190112_LUMOS_C3L-00418_T",3580.773193
"Q16795","NFDFEDVFVK",2,"y8",1,"L","NAT",2,"CPTAC_CCRCC_W_JHU_20190112_LUMOS_C3L-00606_NAT",1687495.25
"Q16795","NFDFEDVFVK",2,"y7",1,"L","NAT",2,"CPTAC_CCRCC_W_JHU_20190112_LUMOS_C3L-00606_NAT",818586.75
"Q16795","NFDFEDVFVK",2,"y6",1,"L","NAT",2,"CPTAC_CCRCC_W_JHU_20190112_LUMOS_C3L-00606_NAT",493559.375
"Q16795","NFDFEDVFVK",2,"y3",1,"L","NAT",2,"CPTAC_CCRCC_W_JHU_20190112_LUMOS_C3L-00606_NAT",1298877
"Q16795","NFDFEDVFVK",2,"b3",1,"L","NAT",2,"CPTAC_CCRCC_W_JHU_20190112_LUMOS_C3L-00606_NAT",319812.9688
"Q16795","NFDFEDVFVK",2,"y4",1,"L","NAT",2,"CPTAC_CCRCC_W_JHU_20190112_LUMOS_C3L-00606_NAT",634884.5625
"Q16795","NFDFEDVFVK",2,"y9",1,"L","NAT",2,"CPTAC_CCRCC_W_JHU_20190112_LUMOS_C3L-00606_NAT",55357.90234
"Q16795","NFDFEDVFVK",2,"b4",1,"L","NAT",2,"CPTAC_CCRCC_W_JHU_20190112_LUMOS_C3L-00606_NAT",48916.57812
"Q16795","NFDFEDVFVK",2,"b6",1,"L","NAT",2,"CPTAC_CCRCC_W_JHU_20190112_LUMOS_C3L-00606_NAT",10428.60254
"Q16795","NFDFEDVFVK",2,"y8",1,"L","T",3,"CPTAC_CCRCC_W_JHU_20190112_LUMOS_C3L-01882_T",444645.3125
"Q16795","NFDFEDVFVK",2,"y7",1,"L","T",3,"CPTAC_CCRCC_W_JHU_20190112_LUMOS_C3L-01882_T",170609.2031
"Q16795","NFDFEDVFVK",2,"y6",1,"L","T",3,"CPTAC_CCRCC_W_JHU_20190112_LUMOS_C3L-01882_T",51986.28516
"Q16795","NFDFEDVFVK",2,"y3",1,"L","T",3,"CPTAC_CCRCC_W_JHU_20190112_LUMOS_C3L-01882_T",339851.625
"Q16795","NFDFEDVFVK",2,"y5",1,"L","T",3,"CPTAC_CCRCC_W_JHU_20190112_LUMOS_C3L-01882_T",131511.8906
"Q16795","NFDFEDVFVK",2,"b3",1,"L","T",3,"CPTAC_CCRCC_W_JHU_20190112_LUMOS_C3L-01882_T",88998.64062
"Q16795","NFDFEDVFVK",2,"y4",1,"L","T",3,"CPTAC_CCRCC_W_JHU_20190112_LUMOS_C3L-01882_T",129965.9375
"Q16795","NFDFEDVFVK",2,"y9",1,"L","T",3,"CPTAC_CCRCC_W_JHU_20190112_LUMOS_C3L-01882_T",34099.14062
"Q16795","NFDFEDVFVK",2,"y9",2,"L","T",3,"CPTAC_CCRCC_W_JHU_20190112_LUMOS_C3L-01882_T",6945.038086
"Q9BWM7","QRELQVGIPVADEAGQR",3,"y9",1,"L","NAT",4,"CPTAC_CCRCC_W_JHU_20190112_LUMOS_C3N-00577_NAT",100359.75
"Q9BWM7","QRELQVGIPVADEAGQR",3,"y9",2,"L","NAT",4,"CPTAC_CCRCC_W_JHU_20190112_LUMOS_C3N-00577_NAT",3873.091797
"Q9BWM7","QRELQVGIPVADEAGQR",3,"b7",1,"L","NAT",4,"CPTAC_CCRCC_W_JHU_20190112_LUMOS_C3N-00577_NAT",69606.30469
"Q9BWM7","QRELQVGIPVADEAGQR",3,"y7",1,"L","NAT",4,"CPTAC_CCRCC_W_JHU_20190112_LUMOS_C3N-00577_NAT",88249.95312
"Q9BWM7","QRELQVGIPVADEAGQR",3,"b8",1,"L","NAT",4,"CPTAC_CCRCC_W_JHU_20190112_LUMOS_C3N-00577_NAT",233818.8594
"Q9BWM7","QRELQVGIPVADEAGQR",3,"y8",1,"L","NAT",4,"CPTAC_CCRCC_W_JHU_20190112_LUMOS_C3N-00577_NAT",249638.6719
"Q9BWM7","QRELQVGIPVADEAGQR",3,"y6",1,"L","NAT",4,"CPTAC_CCRCC_W_JHU_20190112_LUMOS_C3N-00577_NAT",8903.041992
"Q9BWM7","QRELQVGIPVADEAGQR",3,"y5",1,"L","NAT",4,"CPTAC_CCRCC_W_JHU_20190112_LUMOS_C3N-00577_NAT",41137.33984
"Q9BWM7","QRELQVGIPVADEAGQR",3,"b7",2,"L","NAT",4,"CPTAC_CCRCC_W_JHU_20190112_LUMOS_C3N-00577_NAT",10167.53906
"Q9BWM7","QRELQVGIPVADEAGQR",3,"y4",1,"L","NAT",4,"CPTAC_CCRCC_W_JHU_20190112_LUMOS_C3N-00577_NAT",77719.76562
"Q9BWM7","QRELQVGIPVADEAGQR",3,"y9",1,"L","NAT",1,"CPTAC_CCRCC_W_JHU_20190112_LUMOS_C3L-00418_NAT",340560
"Q9BWM7","QRELQVGIPVADEAGQR",3,"y9",2,"L","NAT",1,"CPTAC_CCRCC_W_JHU_20190112_LUMOS_C3L-00418_NAT",18850.97656
"Q9BWM7","QRELQVGIPVADEAGQR",3,"b7",1,"L","NAT",1,"CPTAC_CCRCC_W_JHU_20190112_LUMOS_C3L-00418_NAT",236081.1719
"Q9BWM7","QRELQVGIPVADEAGQR",3,"y7",1,"L","NAT",1,"CPTAC_CCRCC_W_JHU_20190112_LUMOS_C3L-00418_NAT",229897.0312
"Q9BWM7","QRELQVGIPVADEAGQR",3,"b8",1,"L","NAT",1,"CPTAC_CCRCC_W_JHU_20190112_LUMOS_C3L-00418_NAT",39348.16406
"Q9BWM7","QRELQVGIPVADEAGQR",3,"y8",1,"L","NAT",1,"CPTAC_CCRCC_W_JHU_20190112_LUMOS_C3L-00418_NAT",101084.2422
"Q9BWM7","QRELQVGIPVADEAGQR",3,"y6",1,"L","NAT",1,"CPTAC_CCRCC_W_JHU_20190112_LUMOS_C3L-00418_NAT",17605.10156
"Q9BWM7","QRELQVGIPVADEAGQR",3,"y5",1,"L","NAT",1,"CPTAC_CCRCC_W_JHU_20190112_LUMOS_C3L-00418_NAT",127484.0625
"Q9BWM7","QRELQVGIPVADEAGQR",3,"b7",2,"L","NAT",1,"CPTAC_CCRCC_W_JHU_20190112_LUMOS_C3L-00418_NAT",5225.269531
"Q9BWM7","QRELQVGIPVADEAGQR",3,"b5",1,"L","NAT",1,"CPTAC_CCRCC_W_JHU_20190112_LUMOS_C3L-00418_NAT",76331.14844
"Q9BWM7","QRELQVGIPVADEAGQR",3,"y4",1,"L","NAT",1,"CPTAC_CCRCC_W_JHU_20190112_LUMOS_C3L-00418_NAT",106062.5703
"Q9BWM7","QRELQVGIPVADEAGQR",3,"y9",1,"L","NAT",5,"CPTAC_CCRCC_W_JHU_20190112_LUMOS_C3N-00733_NAT",414485.6562
"Q9BWM7","QRELQVGIPVADEAGQR",3,"y9",2,"L","NAT",5,"CPTAC_CCRCC_W_JHU_20190112_LUMOS_C3N-00733_NAT",18165.10547
"Q9BWM7","QRELQVGIPVADEAGQR",3,"b7",1,"L","NAT",5,"CPTAC_CCRCC_W_JHU_20190112_LUMOS_C3N-00733_NAT",198719.7344
"Q9BWM7","QRELQVGIPVADEAGQR",3,"y7",1,"L","NAT",5,"CPTAC_CCRCC_W_JHU_20190112_LUMOS_C3N-00733_NAT",165125.625
"Q9BWM7","QRELQVGIPVADEAGQR",3,"b8",1,"L","NAT",5,"CPTAC_CCRCC_W_JHU_20190112_LUMOS_C3N-00733_NAT",258715.875
"Q9BWM7","QRELQVGIPVADEAGQR",3,"y8",1,"L","NAT",5,"CPTAC_CCRCC_W_JHU_20190112_LUMOS_C3N-00733_NAT",81246.67969
"Q9BWM7","QRELQVGIPVADEAGQR",3,"y5",1,"L","NAT",5,"CPTAC_CCRCC_W_JHU_20190112_LUMOS_C3N-00733_NAT",120629.3672
"Q9BWM7","QRELQVGIPVADEAGQR",3,"b5",1,"L","NAT",5,"CPTAC_CCRCC_W_JHU_20190112_LUMOS_C3N-00733_NAT",40094.53125
"Q9BWM7","QRELQVGIPVADEAGQR",3,"y4",1,"L","NAT",5,"CPTAC_CCRCC_W_JHU_20190112_LUMOS_C3N-00733_NAT",117478.4844
"Q9BWM7","QRELQVGIPVADEAGQR",3,"y9",1,"L","T",5,"CPTAC_CCRCC_W_JHU_20190112_LUMOS_C3N-00733_T",421610.5
"Q9BWM7","QRELQVGIPVADEAGQR",3,"y9",2,"L","T",5,"CPTAC_CCRCC_W_JHU_20190112_LUMOS_C3N-00733_T",43589.60547
"Q9BWM7","QRELQVGIPVADEAGQR",3,"b7",1,"L","T",5,"CPTAC_CCRCC_W_JHU_20190112_LUMOS_C3N-00733_T",278425.0625
"Q9BWM7","QRELQVGIPVADEAGQR",3,"y7",1,"L","T",5,"CPTAC_CCRCC_W_JHU_20190112_LUMOS_C3N-00733_T",157649.5625
"Q9BWM7","QRELQVGIPVADEAGQR",3,"b8",1,"L","T",5,"CPTAC_CCRCC_W_JHU_20190112_LUMOS_C3N-00733_T",254025.8906
"Q9BWM7","QRELQVGIPVADEAGQR",3,"y8",1,"L","T",5,"CPTAC_CCRCC_W_JHU_20190112_LUMOS_C3N-00733_T",21391.07812
"Q9BWM7","QRELQVGIPVADEAGQR",3,"y6",1,"L","T",5,"CPTAC_CCRCC_W_JHU_20190112_LUMOS_C3N-00733_T",10702.5625
"Q9BWM7","QRELQVGIPVADEAGQR",3,"y5",1,"L","T",5,"CPTAC_CCRCC_W_JHU_20190112_LUMOS_C3N-00733_T",148419.5625
"Q9BWM7","QRELQVGIPVADEAGQR",3,"b7",2,"L","T",5,"CPTAC_CCRCC_W_JHU_20190112_LUMOS_C3N-00733_T",19198.93945
"Q9BWM7","QRELQVGIPVADEAGQR",3,"b5",1,"L","T",5,"CPTAC_CCRCC_W_JHU_20190112_LUMOS_C3N-00733_T",259997.3906
"Q9BWM7","QRELQVGIPVADEAGQR",3,"b6",1,"L","T",5,"CPTAC_CCRCC_W_JHU_20190112_LUMOS_C3N-00733_T",14142.98047
"Q9BWM7","QRELQVGIPVADEAGQR",3,"y4",1,"L","T",5,"CPTAC_CCRCC_W_JHU_20190112_LUMOS_C3N-00733_T",118489.7422
"Q9BWM7","QRELQVGIPVADEAGQR",3,"y9",1,"L","NAT",3,"CPTAC_CCRCC_W_JHU_20190112_LUMOS_C3L-01882_NAT",815761.5625
"Q9BWM7","QRELQVGIPVADEAGQR",3,"y9",2,"L","NAT",3,"CPTAC_CCRCC_W_JHU_20190112_LUMOS_C3L-01882_NAT",101797.75
"Q9BWM7","QRELQVGIPVADEAGQR",3,"b7",1,"L","NAT",3,"CPTAC_CCRCC_W_JHU_20190112_LUMOS_C3L-01882_NAT",569939.25
"Q9BWM7","QRELQVGIPVADEAGQR",3,"y7",1,"L","NAT",3,"CPTAC_CCRCC_W_JHU_20190112_LUMOS_C3L-01882_NAT",471598.125
"Q9BWM7","QRELQVGIPVADEAGQR",3,"b8",1,"L","NAT",3,"CPTAC_CCRCC_W_JHU_20190112_LUMOS_C3L-01882_NAT",473352.4062
"Q9BWM7","QRELQVGIPVADEAGQR",3,"y5",1,"L","NAT",3,"CPTAC_CCRCC_W_JHU_20190112_LUMOS_C3L-01882_NAT",263483.0938
"Q9BWM7","QRELQVGIPVADEAGQR",3,"b5",1,"L","NAT",3,"CPTAC_CCRCC_W_JHU_20190112_LUMOS_C3L-01882_NAT",97094.14062
"Q9BWM7","QRELQVGIPVADEAGQR",3,"y4",1,"L","NAT",3,"CPTAC_CCRCC_W_JHU_20190112_LUMOS_C3L-01882_NAT",167221.7812
"Q9BWM7","QRELQVGIPVADEAGQR",3,"y9",1,"L","T",1,"CPTAC_CCRCC_W_JHU_20190112_LUMOS_C3L-00418_T",276077.5
"Q9BWM7","QRELQVGIPVADEAGQR",3,"y9",2,"L","T",1,"CPTAC_CCRCC_W_JHU_20190112_LUMOS_C3L-00418_T",15317.34277
"Q9BWM7","QRELQVGIPVADEAGQR",3,"b7",1,"L","T",1,"CPTAC_CCRCC_W_JHU_20190112_LUMOS_C3L-00418_T",191548.2812
"Q9BWM7","QRELQVGIPVADEAGQR",3,"y7",1,"L","T",1,"CPTAC_CCRCC_W_JHU_20190112_LUMOS_C3L-00418_T",149185.875
"Q9BWM7","QRELQVGIPVADEAGQR",3,"b8",1,"L","T",1,"CPTAC_CCRCC_W_JHU_20190112_LUMOS_C3L-00418_T",88256.10938
"Q9BWM7","QRELQVGIPVADEAGQR",3,"y8",1,"L","T",1,"CPTAC_CCRCC_W_JHU_20190112_LUMOS_C3L-00418_T",90111.60156
"Q9BWM7","QRELQVGIPVADEAGQR",3,"y6",1,"L","T",1,"CPTAC_CCRCC_W_JHU_20190112_LUMOS_C3L-00418_T",12997.76074
"Q9BWM7","QRELQVGIPVADEAGQR",3,"y5",1,"L","T",1,"CPTAC_CCRCC_W_JHU_20190112_LUMOS_C3L-00418_T",94700.07812
"Q9BWM7","QRELQVGIPVADEAGQR",3,"b7",2,"L","T",1,"CPTAC_CCRCC_W_JHU_20190112_LUMOS_C3L-00418_T",3360.808105
"Q9BWM7","QRELQVGIPVADEAGQR",3,"b5",1,"L","T",1,"CPTAC_CCRCC_W_JHU_20190112_LUMOS_C3L-00418_T",74650.4375
"Q9BWM7","QRELQVGIPVADEAGQR",3,"y4",1,"L","T",1,"CPTAC_CCRCC_W_JHU_20190112_LUMOS_C3L-00418_T",62495.70312
"Q9BWM7","QRELQVGIPVADEAGQR",3,"y9",1,"L","T",2,"CPTAC_CCRCC_W_JHU_20190112_LUMOS_C3L-00606_T",981256.5625
"Q9BWM7","QRELQVGIPVADEAGQR",3,"y9",2,"L","T",2,"CPTAC_CCRCC_W_JHU_20190112_LUMOS_C3L-00606_T",23704.875
"Q9BWM7","QRELQVGIPVADEAGQR",3,"b7",1,"L","T",2,"CPTAC_CCRCC_W_JHU_20190112_LUMOS_C3L-00606_T",324704.0312
"Q9BWM7","QRELQVGIPVADEAGQR",3,"y7",1,"L","T",2,"CPTAC_CCRCC_W_JHU_20190112_LUMOS_C3L-00606_T",266181.125
"Q9BWM7","QRELQVGIPVADEAGQR",3,"b8",1,"L","T",2,"CPTAC_CCRCC_W_JHU_20190112_LUMOS_C3L-00606_T",90292.47656
"Q9BWM7","QRELQVGIPVADEAGQR",3,"y8",1,"L","T",2,"CPTAC_CCRCC_W_JHU_20190112_LUMOS_C3L-00606_T",67633.45312
"Q9BWM7","QRELQVGIPVADEAGQR",3,"y6",1,"L","T",2,"CPTAC_CCRCC_W_JHU_20190112_LUMOS_C3L-00606_T",25990.48828
"Q9BWM7","QRELQVGIPVADEAGQR",3,"y5",1,"L","T",2,"CPTAC_CCRCC_W_JHU_20190112_LUMOS_C3L-00606_T",145687.7344
"Q9BWM7","QRELQVGIPVADEAGQR",3,"b7",2,"L","T",2,"CPTAC_CCRCC_W_JHU_20190112_LUMOS_C3L-00606_T",104997.8906
"Q9BWM7","QRELQVGIPVADEAGQR",3,"b5",1,"L","T",2,"CPTAC_CCRCC_W_JHU_20190112_LUMOS_C3L-00606_T",83949.14844
"Q9BWM7","QRELQVGIPVADEAGQR",3,"b6",1,"L","T",2,"CPTAC_CCRCC_W_JHU_20190112_LUMOS_C3L-00606_T",1284563.75
"Q9BWM7","QRELQVGIPVADEAGQR",3,"y4",1,"L","T",2,"CPTAC_CCRCC_W_JHU_20190112_LUMOS_C3L-00606_T",111346.7656
"Q9BWM7","QRELQVGIPVADEAGQR",3,"y9",1,"L","T",3,"CPTAC_CCRCC_W_JHU_20190112_LUMOS_C3L-01882_T",934913
"Q9BWM7","QRELQVGIPVADEAGQR",3,"y9",2,"L","T",3,"CPTAC_CCRCC_W_JHU_20190112_LUMOS_C3L-01882_T",151233.8906
"Q9BWM7","QRELQVGIPVADEAGQR",3,"b7",1,"L","T",3,"CPTAC_CCRCC_W_JHU_20190112_LUMOS_C3L-01882_T",498024.6875
"Q9BWM7","QRELQVGIPVADEAGQR",3,"y7",1,"L","T",3,"CPTAC_CCRCC_W_JHU_20190112_LUMOS_C3L-01882_T",529685.5
"Q9BWM7","QRELQVGIPVADEAGQR",3,"b8",1,"L","T",3,"CPTAC_CCRCC_W_JHU_20190112_LUMOS_C3L-01882_T",228433.0625
"Q9BWM7","QRELQVGIPVADEAGQR",3,"y8",1,"L","T",3,"CPTAC_CCRCC_W_JHU_20190112_LUMOS_C3L-01882_T",74989.11719
"Q9BWM7","QRELQVGIPVADEAGQR",3,"y6",1,"L","T",3,"CPTAC_CCRCC_W_JHU_20190112_LUMOS_C3L-01882_T",10926.47168
"Q9BWM7","QRELQVGIPVADEAGQR",3,"y5",1,"L","T",3,"CPTAC_CCRCC_W_JHU_20190112_LUMOS_C3L-01882_T",244435.2656
"Q9BWM7","QRELQVGIPVADEAGQR",3,"b7",2,"L","T",3,"CPTAC_CCRCC_W_JHU_20190112_LUMOS_C3L-01882_T",10012.02441
"Q9BWM7","QRELQVGIPVADEAGQR",3,"b5",1,"L","T",3,"CPTAC_CCRCC_W_JHU_20190112_LUMOS_C3L-01882_T",297282.875
"Q9BWM7","QRELQVGIPVADEAGQR",3,"b6",1,"L","T",3,"CPTAC_CCRCC_W_JHU_20190112_LUMOS_C3L-01882_T",38788.37891
"Q9BWM7","QRELQVGIPVADEAGQR",3,"y4",1,"L","T",3,"CPTAC_CCRCC_W_JHU_20190112_LUMOS_C3L-01882_T",176142.7344
"Q9NZD4","SHELPSHPPPSS",2,"y5",1,"L","NAT",1,"CPTAC_CCRCC_W_JHU_20190112_LUMOS_C3L-00418_NAT",110701.1562
"Q9NZD4","SHELPSHPPPSS",2,"b7",1,"L","NAT",1,"CPTAC_CCRCC_W_JHU_20190112_LUMOS_C3L-00418_NAT",3146.209473
"Q9NZD4","SHELPSHPPPSS",2,"b3",1,"L","NAT",1,"CPTAC_CCRCC_W_JHU_20190112_LUMOS_C3L-00418_NAT",108738.2031
"Q9NZD4","SHELPSHPPPSS",2,"y4",1,"L","NAT",1,"CPTAC_CCRCC_W_JHU_20190112_LUMOS_C3L-00418_NAT",124302.8047
"Q9NZD4","SHELPSHPPPSS",2,"y8",1,"L","NAT",1,"CPTAC_CCRCC_W_JHU_20190112_LUMOS_C3L-00418_NAT",3398.225342
"Q9NZD4","SHELPSHPPPSS",2,"b4",1,"L","NAT",1,"CPTAC_CCRCC_W_JHU_20190112_LUMOS_C3L-00418_NAT",42462.78906
"Q9NZD4","SHELPSHPPPSS",2,"b8",2,"L","NAT",1,"CPTAC_CCRCC_W_JHU_20190112_LUMOS_C3L-00418_NAT",1400.323975
"Q9NZD4","SHELPSHPPPSS",2,"y5",1,"L","T",4,"CPTAC_CCRCC_W_JHU_20190112_LUMOS_C3N-00577_T",168217.0938
"Q9NZD4","SHELPSHPPPSS",2,"b7",1,"L","T",4,"CPTAC_CCRCC_W_JHU_20190112_LUMOS_C3N-00577_T",17269.00586
"Q9NZD4","SHELPSHPPPSS",2,"b3",1,"L","T",4,"CPTAC_CCRCC_W_JHU_20190112_LUMOS_C3N-00577_T",145228.2344
"Q9NZD4","SHELPSHPPPSS",2,"y4",1,"L","T",4,"CPTAC_CCRCC_W_JHU_20190112_LUMOS_C3N-00577_T",214824.2188
"Q9NZD4","SHELPSHPPPSS",2,"y8",1,"L","T",4,"CPTAC_CCRCC_W_JHU_20190112_LUMOS_C3N-00577_T",31483.80078
"Q9NZD4","SHELPSHPPPSS",2,"b4",1,"L","T",4,"CPTAC_CCRCC_W_JHU_20190112_LUMOS_C3N-00577_T",55513.33594
"Q9NZD4","SHELPSHPPPSS",2,"y10",1,"L","T",4,"CPTAC_CCRCC_W_JHU_20190112_LUMOS_C3N-00577_T",9368.651367
"Q9NZD4","SHELPSHPPPSS",2,"y11",2,"L","T",4,"CPTAC_CCRCC_W_JHU_20190112_LUMOS_C3N-00577_T",7491.926758
"Q9NZD4","SHELPSHPPPSS",2,"y5",1,"L","T",5,"CPTAC_CCRCC_W_JHU_20190112_LUMOS_C3N-00733_T",39897.16016
"Q9NZD4","SHELPSHPPPSS",2,"b7",1,"L","T",5,"CPTAC_CCRCC_W_JHU_20190112_LUMOS_C3N-00733_T",1789.084351
"Q9NZD4","SHELPSHPPPSS",2,"b3",1,"L","T",5,"CPTAC_CCRCC_W_JHU_20190112_LUMOS_C3N-00733_T",96368.32812
"Q9NZD4","SHELPSHPPPSS",2,"y4",1,"L","T",5,"CPTAC_CCRCC_W_JHU_20190112_LUMOS_C3N-00733_T",76470.07812
"Q9NZD4","SHELPSHPPPSS",2,"y8",1,"L","T",5,"CPTAC_CCRCC_W_JHU_20190112_LUMOS_C3N-00733_T",29656.83203
"Q9NZD4","SHELPSHPPPSS",2,"b4",1,"L","T",5,"CPTAC_CCRCC_W_JHU_20190112_LUMOS_C3N-00733_T",21760.11523
"Q9NZD4","SHELPSHPPPSS",2,"y10",1,"L","T",5,"CPTAC_CCRCC_W_JHU_20190112_LUMOS_C3N-00733_T",1612.609131
"Q9NZD4","SHELPSHPPPSS",2,"y5",1,"L","T",1,"CPTAC_CCRCC_W_JHU_20190112_LUMOS_C3L-00418_T",329970.6875
"Q9NZD4","SHELPSHPPPSS",2,"b7",1,"L","T",1,"CPTAC_CCRCC_W_JHU_20190112_LUMOS_C3L-00418_T",25082.33984
"Q9NZD4","SHELPSHPPPSS",2,"b3",1,"L","T",1,"CPTAC_CCRCC_W_JHU_20190112_LUMOS_C3L-00418_T",263523.25
"Q9NZD4","SHELPSHPPPSS",2,"y4",1,"L","T",1,"CPTAC_CCRCC_W_JHU_20190112_LUMOS_C3L-00418_T",336709.0625
"Q9NZD4","SHELPSHPPPSS",2,"y8",1,"L","T",1,"CPTAC_CCRCC_W_JHU_20190112_LUMOS_C3L-00418_T",17349.61523
"Q9NZD4","SHELPSHPPPSS",2,"b4",1,"L","T",1,"CPTAC_CCRCC_W_JHU_20190112_LUMOS_C3L-00418_T",98240.96094
"Q9NZD4","SHELPSHPPPSS",2,"y10",1,"L","T",1,"CPTAC_CCRCC_W_JHU_20190112_LUMOS_C3L-00418_T",9097.65625
"Q9NZD4","SHELPSHPPPSS",2,"y9",1,"L","T",1,"CPTAC_CCRCC_W_JHU_20190112_LUMOS_C3L-00418_T",1512.630371
"Q9NZD4","SHELPSHPPPSS",2,"y5",1,"L","NAT",2,"CPTAC_CCRCC_W_JHU_20190112_LUMOS_C3L-00606_NAT",50960.10156
"Q9NZD4","SHELPSHPPPSS",2,"b3",1,"L","NAT",2,"CPTAC_CCRCC_W_JHU_20190112_LUMOS_C3L-00606_NAT",56788.42188
"Q9NZD4","SHELPSHPPPSS",2,"y4",1,"L","NAT",2,"CPTAC_CCRCC_W_JHU_20190112_LUMOS_C3L-00606_NAT",43222.14062
"Q9NZD4","SHELPSHPPPSS",2,"y8",1,"L","NAT",2,"CPTAC_CCRCC_W_JHU_20190112_LUMOS_C3L-00606_NAT",5440.62207
"Q9NZD4","SHELPSHPPPSS",2,"b4",1,"L","NAT",2,"CPTAC_CCRCC_W_JHU_20190112_LUMOS_C3L-00606_NAT",13322.86523
"Q9NZD4","SHELPSHPPPSS",2,"y10",1,"L","NAT",2,"CPTAC_CCRCC_W_JHU_20190112_LUMOS_C3L-00606_NAT",5859.919434
"Q9NZD4","SHELPSHPPPSS",2,"y5",1,"L","T",3,"CPTAC_CCRCC_W_JHU_20190112_LUMOS_C3L-01882_T",115746.3672
"Q9NZD4","SHELPSHPPPSS",2,"b7",1,"L","T",3,"CPTAC_CCRCC_W_JHU_20190112_LUMOS_C3L-01882_T",18108.99414
"Q9NZD4","SHELPSHPPPSS",2,"b3",1,"L","T",3,"CPTAC_CCRCC_W_JHU_20190112_LUMOS_C3L-01882_T",91508.10938
"Q9NZD4","SHELPSHPPPSS",2,"y4",1,"L","T",3,"CPTAC_CCRCC_W_JHU_20190112_LUMOS_C3L-01882_T",126826.3203
"Q9NZD4","SHELPSHPPPSS",2,"y8",1,"L","T",3,"CPTAC_CCRCC_W_JHU_20190112_LUMOS_C3L-01882_T",25822.54492
"Q9NZD4","SHELPSHPPPSS",2,"b4",1,"L","T",3,"CPTAC_CCRCC_W_JHU_20190112_LUMOS_C3L-01882_T",30301.4043
"Q9NZD4","SHELPSHPPPSS",2,"y10",1,"L","T",3,"CPTAC_CCRCC_W_JHU_20190112_LUMOS_C3L-01882_T",1410.151001
"Q5HYK3","SYQYLVESIR",2,"y7",1,"L","NAT",4,"CPTAC_CCRCC_W_JHU_20190112_LUMOS_C3N-00577_NAT",717754.75
"Q5HYK3","SYQYLVESIR",2,"y5",1,"L","NAT",4,"CPTAC_CCRCC_W_JHU_20190112_LUMOS_C3N-00577_NAT",487518.8438
"Q5HYK3","SYQYLVESIR",2,"y6",1,"L","NAT",4,"CPTAC_CCRCC_W_JHU_20190112_LUMOS_C3N-00577_NAT",512212.1875
"Q5HYK3","SYQYLVESIR",2,"y8",1,"L","NAT",4,"CPTAC_CCRCC_W_JHU_20190112_LUMOS_C3N-00577_NAT",297176.4375
"Q5HYK3","SYQYLVESIR",2,"y4",1,"L","NAT",4,"CPTAC_CCRCC_W_JHU_20190112_LUMOS_C3N-00577_NAT",267862.4688
"Q5HYK3","SYQYLVESIR",2,"b3",1,"L","NAT",4,"CPTAC_CCRCC_W_JHU_20190112_LUMOS_C3N-00577_NAT",129979.7031
"Q5HYK3","SYQYLVESIR",2,"y3",1,"L","NAT",4,"CPTAC_CCRCC_W_JHU_20190112_LUMOS_C3N-00577_NAT",171316.4531
"Q5HYK3","SYQYLVESIR",2,"b4",1,"L","NAT",4,"CPTAC_CCRCC_W_JHU_20190112_LUMOS_C3N-00577_NAT",10351.50391
"Q5HYK3","SYQYLVESIR",2,"b5",1,"L","NAT",4,"CPTAC_CCRCC_W_JHU_20190112_LUMOS_C3N-00577_NAT",17372.09375
"Q5HYK3","SYQYLVESIR",2,"y8",2,"L","NAT",4,"CPTAC_CCRCC_W_JHU_20190112_LUMOS_C3N-00577_NAT",267862.4688
"Q5HYK3","SYQYLVESIR",2,"b6",1,"L","NAT",4,"CPTAC_CCRCC_W_JHU_20190112_LUMOS_C3N-00577_NAT",247735.8906
"Q5HYK3","SYQYLVESIR",2,"y7",1,"L","NAT",1,"CPTAC_CCRCC_W_JHU_20190112_LUMOS_C3L-00418_NAT",836500.5
"Q5HYK3","SYQYLVESIR",2,"y5",1,"L","NAT",1,"CPTAC_CCRCC_W_JHU_20190112_LUMOS_C3L-00418_NAT",1397261.125
"Q5HYK3","SYQYLVESIR",2,"y6",1,"L","NAT",1,"CPTAC_CCRCC_W_JHU_20190112_LUMOS_C3L-00418_NAT",596998.5
"Q5HYK3","SYQYLVESIR",2,"y8",1,"L","NAT",1,"CPTAC_CCRCC_W_JHU_20190112_LUMOS_C3L-00418_NAT",240221.4375
"Q5HYK3","SYQYLVESIR",2,"y4",1,"L","NAT",1,"CPTAC_CCRCC_W_JHU_20190112_LUMOS_C3L-00418_NAT",2463817
"Q5HYK3","SYQYLVESIR",2,"b3",1,"L","NAT",1,"CPTAC_CCRCC_W_JHU_20190112_LUMOS_C3L-00418_NAT",139301.1406
"Q5HYK3","SYQYLVESIR",2,"y3",1,"L","NAT",1,"CPTAC_CCRCC_W_JHU_20190112_LUMOS_C3L-00418_NAT",279593.0312
"Q5HYK3","SYQYLVESIR",2,"b4",1,"L","NAT",1,"CPTAC_CCRCC_W_JHU_20190112_LUMOS_C3L-00418_NAT",23372.75391
"Q5HYK3","SYQYLVESIR",2,"b5",1,"L","NAT",1,"CPTAC_CCRCC_W_JHU_20190112_LUMOS_C3L-00418_NAT",2204.797119
"Q5HYK3","SYQYLVESIR",2,"y8",2,"L","NAT",1,"CPTAC_CCRCC_W_JHU_20190112_LUMOS_C3L-00418_NAT",2463817
"Q5HYK3","SYQYLVESIR",2,"b6",1,"L","NAT",1,"CPTAC_CCRCC_W_JHU_20190112_LUMOS_C3L-00418_NAT",734658.125
"Q5HYK3","SYQYLVESIR",2,"y7",1,"L","T",4,"CPTAC_CCRCC_W_JHU_20190112_LUMOS_C3N-00577_T",244130.8125
"Q5HYK3","SYQYLVESIR",2,"y5",1,"L","T",4,"CPTAC_CCRCC_W_JHU_20190112_LUMOS_C3N-00577_T",779608.3125
"Q5HYK3","SYQYLVESIR",2,"y6",1,"L","T",4,"CPTAC_CCRCC_W_JHU_20190112_LUMOS_C3N-00577_T",127582.7188
"Q5HYK3","SYQYLVESIR",2,"y8",1,"L","T",4,"CPTAC_CCRCC_W_JHU_20190112_LUMOS_C3N-00577_T",127682.3281
"Q5HYK3","SYQYLVESIR",2,"y4",1,"L","T",4,"CPTAC_CCRCC_W_JHU_20190112_LUMOS_C3N-00577_T",492887.0312
"Q5HYK3","SYQYLVESIR",2,"b3",1,"L","T",4,"CPTAC_CCRCC_W_JHU_20190112_LUMOS_C3N-00577_T",122843.5312
"Q5HYK3","SYQYLVESIR",2,"y3",1,"L","T",4,"CPTAC_CCRCC_W_JHU_20190112_LUMOS_C3N-00577_T",116387.6172
"Q5HYK3","SYQYLVESIR",2,"b4",1,"L","T",4,"CPTAC_CCRCC_W_JHU_20190112_LUMOS_C3N-00577_T",16242.57227
"Q5HYK3","SYQYLVESIR",2,"b5",1,"L","T",4,"CPTAC_CCRCC_W_JHU_20190112_LUMOS_C3N-00577_T",6870.601074
"Q5HYK3","SYQYLVESIR",2,"y8",2,"L","T",4,"CPTAC_CCRCC_W_JHU_20190112_LUMOS_C3N-00577_T",492887.0312
"Q5HYK3","SYQYLVESIR",2,"y9",2,"L","T",4,"CPTAC_CCRCC_W_JHU_20190112_LUMOS_C3N-00577_T",2190.462891
"Q5HYK3","SYQYLVESIR",2,"b6",1,"L","T",4,"CPTAC_CCRCC_W_JHU_20190112_LUMOS_C3N-00577_T",170688
"Q5HYK3","SYQYLVESIR",2,"y7",1,"L","NAT",5,"CPTAC_CCRCC_W_JHU_20190112_LUMOS_C3N-00733_NAT",638265.625
"Q5HYK3","SYQYLVESIR",2,"y5",1,"L","NAT",5,"CPTAC_CCRCC_W_JHU_20190112_LUMOS_C3N-00733_NAT",1359661.875
"Q5HYK3","SYQYLVESIR",2,"y6",1,"L","NAT",5,"CPTAC_CCRCC_W_JHU_20190112_LUMOS_C3N-00733_NAT",424720
"Q5HYK3","SYQYLVESIR",2,"y8",1,"L","NAT",5,"CPTAC_CCRCC_W_JHU_20190112_LUMOS_C3N-00733_NAT",201700.0625
"Q5HYK3","SYQYLVESIR",2,"y4",1,"L","NAT",5,"CPTAC_CCRCC_W_JHU_20190112_LUMOS_C3N-00733_NAT",1910569.75
"Q5HYK3","SYQYLVESIR",2,"b3",1,"L","NAT",5,"CPTAC_CCRCC_W_JHU_20190112_LUMOS_C3N-00733_NAT",111620.3984
"Q5HYK3","SYQYLVESIR",2,"y3",1,"L","NAT",5,"CPTAC_CCRCC_W_JHU_20190112_LUMOS_C3N-00733_NAT",351988.8125
"Q5HYK3","SYQYLVESIR",2,"b4",1,"L","NAT",5,"CPTAC_CCRCC_W_JHU_20190112_LUMOS_C3N-00733_NAT",41935.46875
"Q5HYK3","SYQYLVESIR",2,"b5",1,"L","NAT",5,"CPTAC_CCRCC_W_JHU_20190112_LUMOS_C3N-00733_NAT",36968.78906
"Q5HYK3","SYQYLVESIR",2,"y8",2,"L","NAT",5,"CPTAC_CCRCC_W_JHU_20190112_LUMOS_C3N-00733_NAT",1910569.75
"Q5HYK3","SYQYLVESIR",2,"b6",1,"L","NAT",5,"CPTAC_CCRCC_W_JHU_20190112_LUMOS_C3N-00733_NAT",36480.80469
"Q5HYK3","SYQYLVESIR",2,"y7",1,"L","T",5,"CPTAC_CCRCC_W_JHU_20190112_LUMOS_C3N-00733_T",318116.4688
"Q5HYK3","SYQYLVESIR",2,"y5",1,"L","T",5,"CPTAC_CCRCC_W_JHU_20190112_LUMOS_C3N-00733_T",1386134.5
"Q5HYK3","SYQYLVESIR",2,"y6",1,"L","T",5,"CPTAC_CCRCC_W_JHU_20190112_LUMOS_C3N-00733_T",128759.1875
"Q5HYK3","SYQYLVESIR",2,"y8",1,"L","T",5,"CPTAC_CCRCC_W_JHU_20190112_LUMOS_C3N-00733_T",92787.47656
"Q5HYK3","SYQYLVESIR",2,"y4",1,"L","T",5,"CPTAC_CCRCC_W_JHU_20190112_LUMOS_C3N-00733_T",2356543
"Q5HYK3","SYQYLVESIR",2,"b3",1,"L","T",5,"CPTAC_CCRCC_W_JHU_20190112_LUMOS_C3N-00733_T",87521.10156
"Q5HYK3","SYQYLVESIR",2,"y3",1,"L","T",5,"CPTAC_CCRCC_W_JHU_20190112_LUMOS_C3N-00733_T",327525.125
"Q5HYK3","SYQYLVESIR",2,"b4",1,"L","T",5,"CPTAC_CCRCC_W_JHU_20190112_LUMOS_C3N-00733_T",16659.22656
"Q5HYK3","SYQYLVESIR",2,"b5",1,"L","T",5,"CPTAC_CCRCC_W_JHU_20190112_LUMOS_C3N-00733_T",61496.57031
"Q5HYK3","SYQYLVESIR",2,"y8",2,"L","T",5,"CPTAC_CCRCC_W_JHU_20190112_LUMOS_C3N-00733_T",2356543
"Q5HYK3","SYQYLVESIR",2,"y9",2,"L","T",5,"CPTAC_CCRCC_W_JHU_20190112_LUMOS_C3N-00733_T",50222.64844
"Q5HYK3","SYQYLVESIR",2,"b6",1,"L","T",5,"CPTAC_CCRCC_W_JHU_20190112_LUMOS_C3N-00733_T",44027.16406
"Q5HYK3","SYQYLVESIR",2,"y7",1,"L","NAT",3,"CPTAC_CCRCC_W_JHU_20190112_LUMOS_C3L-01882_NAT",1174304.625
"Q5HYK3","SYQYLVESIR",2,"y5",1,"L","NAT",3,"CPTAC_CCRCC_W_JHU_20190112_LUMOS_C3L-01882_NAT",2054349
"Q5HYK3","SYQYLVESIR",2,"y6",1,"L","NAT",3,"CPTAC_CCRCC_W_JHU_20190112_LUMOS_C3L-01882_NAT",894630.75
"Q5HYK3","SYQYLVESIR",2,"y8",1,"L","NAT",3,"CPTAC_CCRCC_W_JHU_20190112_LUMOS_C3L-01882_NAT",503594.4062
"Q5HYK3","SYQYLVESIR",2,"y4",1,"L","NAT",3,"CPTAC_CCRCC_W_JHU_20190112_LUMOS_C3L-01882_NAT",3432268.75
"Q5HYK3","SYQYLVESIR",2,"b3",1,"L","NAT",3,"CPTAC_CCRCC_W_JHU_20190112_LUMOS_C3L-01882_NAT",360900.6562
"Q5HYK3","SYQYLVESIR",2,"y3",1,"L","NAT",3,"CPTAC_CCRCC_W_JHU_20190112_LUMOS_C3L-01882_NAT",788064.8125
"Q5HYK3","SYQYLVESIR",2,"b4",1,"L","NAT",3,"CPTAC_CCRCC_W_JHU_20190112_LUMOS_C3L-01882_NAT",66557.85156
"Q5HYK3","SYQYLVESIR",2,"y8",2,"L","NAT",3,"CPTAC_CCRCC_W_JHU_20190112_LUMOS_C3L-01882_NAT",3432268.75
"Q5HYK3","SYQYLVESIR",2,"y7",1,"L","T",1,"CPTAC_CCRCC_W_JHU_20190112_LUMOS_C3L-00418_T",189553.6875
"Q5HYK3","SYQYLVESIR",2,"y6",1,"L","T",1,"CPTAC_CCRCC_W_JHU_20190112_LUMOS_C3L-00418_T",45591.87109
"Q5HYK3","SYQYLVESIR",2,"y8",1,"L","T",1,"CPTAC_CCRCC_W_JHU_20190112_LUMOS_C3L-00418_T",90792.40625
"Q5HYK3","SYQYLVESIR",2,"y4",1,"L","T",1,"CPTAC_CCRCC_W_JHU_20190112_LUMOS_C3L-00418_T",5152511.5
"Q5HYK3","SYQYLVESIR",2,"b3",1,"L","T",1,"CPTAC_CCRCC_W_JHU_20190112_LUMOS_C3L-00418_T",53089.55078
"Q5HYK3","SYQYLVESIR",2,"y3",1,"L","T",1,"CPTAC_CCRCC_W_JHU_20190112_LUMOS_C3L-00418_T",545075.0625
"Q5HYK3","SYQYLVESIR",2,"b4",1,"L","T",1,"CPTAC_CCRCC_W_JHU_20190112_LUMOS_C3L-00418_T",17872.08594
"Q5HYK3","SYQYLVESIR",2,"y8",2,"L","T",1,"CPTAC_CCRCC_W_JHU_20190112_LUMOS_C3L-00418_T",5152511.5
"Q5HYK3","SYQYLVESIR",2,"y9",2,"L","T",1,"CPTAC_CCRCC_W_JHU_20190112_LUMOS_C3L-00418_T",38303.35156
"Q5HYK3","SYQYLVESIR",2,"b6",1,"L","T",1,"CPTAC_CCRCC_W_JHU_20190112_LUMOS_C3L-00418_T",48459.32422
"Q5HYK3","SYQYLVESIR",2,"y7",1,"L","T",2,"CPTAC_CCRCC_W_JHU_20190112_LUMOS_C3L-00606_T",430579.5938
"Q5HYK3","SYQYLVESIR",2,"y5",1,"L","T",2,"CPTAC_CCRCC_W_JHU_20190112_LUMOS_C3L-00606_T",308819.625
"Q5HYK3","SYQYLVESIR",2,"y6",1,"L","T",2,"CPTAC_CCRCC_W_JHU_20190112_LUMOS_C3L-00606_T",268409.125
"Q5HYK3","SYQYLVESIR",2,"y8",1,"L","T",2,"CPTAC_CCRCC_W_JHU_20190112_LUMOS_C3L-00606_T",151758.125
"Q5HYK3","SYQYLVESIR",2,"y4",1,"L","T",2,"CPTAC_CCRCC_W_JHU_20190112_LUMOS_C3L-00606_T",3819882.5
"Q5HYK3","SYQYLVESIR",2,"b3",1,"L","T",2,"CPTAC_CCRCC_W_JHU_20190112_LUMOS_C3L-00606_T",111370.4844
"Q5HYK3","SYQYLVESIR",2,"y3",1,"L","T",2,"CPTAC_CCRCC_W_JHU_20190112_LUMOS_C3L-00606_T",464980.3125
"Q5HYK3","SYQYLVESIR",2,"b5",1,"L","T",2,"CPTAC_CCRCC_W_JHU_20190112_LUMOS_C3L-00606_T",29829.41406
"Q5HYK3","SYQYLVESIR",2,"y8",2,"L","T",2,"CPTAC_CCRCC_W_JHU_20190112_LUMOS_C3L-00606_T",3819882.5
"Q5HYK3","SYQYLVESIR",2,"b6",1,"L","T",2,"CPTAC_CCRCC_W_JHU_20190112_LUMOS_C3L-00606_T",82360.44531
"Q5HYK3","SYQYLVESIR",2,"y7",1,"L","NAT",2,"CPTAC_CCRCC_W_JHU_20190112_LUMOS_C3L-00606_NAT",739474.4375
"Q5HYK3","SYQYLVESIR",2,"y5",1,"L","NAT",2,"CPTAC_CCRCC_W_JHU_20190112_LUMOS_C3L-00606_NAT",662964.8125
"Q5HYK3","SYQYLVESIR",2,"y6",1,"L","NAT",2,"CPTAC_CCRCC_W_JHU_20190112_LUMOS_C3L-00606_NAT",502805.1562
"Q5HYK3","SYQYLVESIR",2,"y8",1,"L","NAT",2,"CPTAC_CCRCC_W_JHU_20190112_LUMOS_C3L-00606_NAT",314337.9375
"Q5HYK3","SYQYLVESIR",2,"y4",1,"L","NAT",2,"CPTAC_CCRCC_W_JHU_20190112_LUMOS_C3L-00606_NAT",1096387.625
"Q5HYK3","SYQYLVESIR",2,"b3",1,"L","NAT",2,"CPTAC_CCRCC_W_JHU_20190112_LUMOS_C3L-00606_NAT",126061.3438
"Q5HYK3","SYQYLVESIR",2,"y3",1,"L","NAT",2,"CPTAC_CCRCC_W_JHU_20190112_LUMOS_C3L-00606_NAT",270620.4688
"Q5HYK3","SYQYLVESIR",2,"b4",1,"L","NAT",2,"CPTAC_CCRCC_W_JHU_20190112_LUMOS_C3L-00606_NAT",9769.350586
"Q5HYK3","SYQYLVESIR",2,"b5",1,"L","NAT",2,"CPTAC_CCRCC_W_JHU_20190112_LUMOS_C3L-00606_NAT",1856.983643
"Q5HYK3","SYQYLVESIR",2,"y8",2,"L","NAT",2,"CPTAC_CCRCC_W_JHU_20190112_LUMOS_C3L-00606_NAT",1096387.625
"Q5HYK3","SYQYLVESIR",2,"y9",2,"L","NAT",2,"CPTAC_CCRCC_W_JHU_20190112_LUMOS_C3L-00606_NAT",1213.808105
"Q5HYK3","SYQYLVESIR",2,"b6",1,"L","NAT",2,"CPTAC_CCRCC_W_JHU_20190112_LUMOS_C3L-00606_NAT",68144.17969
"Q5HYK3","SYQYLVESIR",2,"y7",1,"L","T",3,"CPTAC_CCRCC_W_JHU_20190112_LUMOS_C3L-01882_T",269880.125
"Q5HYK3","SYQYLVESIR",2,"y5",1,"L","T",3,"CPTAC_CCRCC_W_JHU_20190112_LUMOS_C3L-01882_T",1662682
"Q5HYK3","SYQYLVESIR",2,"y6",1,"L","T",3,"CPTAC_CCRCC_W_JHU_20190112_LUMOS_C3L-01882_T",175357.7188
"Q5HYK3","SYQYLVESIR",2,"y8",1,"L","T",3,"CPTAC_CCRCC_W_JHU_20190112_LUMOS_C3L-01882_T",91485.01562
"Q5HYK3","SYQYLVESIR",2,"y4",1,"L","T",3,"CPTAC_CCRCC_W_JHU_20190112_LUMOS_C3L-01882_T",4168476.75
"Q5HYK3","SYQYLVESIR",2,"b3",1,"L","T",3,"CPTAC_CCRCC_W_JHU_20190112_LUMOS_C3L-01882_T",18339.44531
"Q5HYK3","SYQYLVESIR",2,"y3",1,"L","T",3,"CPTAC_CCRCC_W_JHU_20190112_LUMOS_C3L-01882_T",680437.75
"Q5HYK3","SYQYLVESIR",2,"y8",2,"L","T",3,"CPTAC_CCRCC_W_JHU_20190112_LUMOS_C3L-01882_T",4168476.75
"Q5HYK3","SYQYLVESIR",2,"b6",1,"L","T",3,"CPTAC_CCRCC_W_JHU_20190112_LUMOS_C3L-01882_T",17488.52539
"Q5HYK3","VTYESLTSGIVAIHSGFK",3,"y8",1,"L","NAT",4,"CPTAC_CCRCC_W_JHU_20190112_LUMOS_C3N-00577_NAT",111907.9453
"Q5HYK3","VTYESLTSGIVAIHSGFK",3,"y7",1,"L","NAT",4,"CPTAC_CCRCC_W_JHU_20190112_LUMOS_C3N-00577_NAT",127917.0312
"Q5HYK3","VTYESLTSGIVAIHSGFK",3,"y11",1,"L","NAT",4,"CPTAC_CCRCC_W_JHU_20190112_LUMOS_C3N-00577_NAT",38064.85938
"Q5HYK3","VTYESLTSGIVAIHSGFK",3,"y12",1,"L","NAT",4,"CPTAC_CCRCC_W_JHU_20190112_LUMOS_C3N-00577_NAT",37298.60156
"Q5HYK3","VTYESLTSGIVAIHSGFK",3,"y10",1,"L","NAT",4,"CPTAC_CCRCC_W_JHU_20190112_LUMOS_C3N-00577_NAT",454949.6562
"Q5HYK3","VTYESLTSGIVAIHSGFK",3,"y5",1,"L","NAT",4,"CPTAC_CCRCC_W_JHU_20190112_LUMOS_C3N-00577_NAT",99100.9375
"Q5HYK3","VTYESLTSGIVAIHSGFK",3,"y12",2,"L","NAT",4,"CPTAC_CCRCC_W_JHU_20190112_LUMOS_C3N-00577_NAT",8640.364258
"Q5HYK3","VTYESLTSGIVAIHSGFK",3,"y6",1,"L","NAT",4,"CPTAC_CCRCC_W_JHU_20190112_LUMOS_C3N-00577_NAT",48355.82031
"Q5HYK3","VTYESLTSGIVAIHSGFK",3,"y4",1,"L","NAT",4,"CPTAC_CCRCC_W_JHU_20190112_LUMOS_C3N-00577_NAT",110980.9922
"Q5HYK3","VTYESLTSGIVAIHSGFK",3,"y15",2,"L","NAT",4,"CPTAC_CCRCC_W_JHU_20190112_LUMOS_C3N-00577_NAT",1458.341919
"Q5HYK3","VTYESLTSGIVAIHSGFK",3,"y8",1,"L","NAT",1,"CPTAC_CCRCC_W_JHU_20190112_LUMOS_C3L-00418_NAT",167529.1406
"Q5HYK3","VTYESLTSGIVAIHSGFK",3,"y7",1,"L","NAT",1,"CPTAC_CCRCC_W_JHU_20190112_LUMOS_C3L-00418_NAT",372450.4688
"Q5HYK3","VTYESLTSGIVAIHSGFK",3,"y11",1,"L","NAT",1,"CPTAC_CCRCC_W_JHU_20190112_LUMOS_C3L-00418_NAT",43246.28516
"Q5HYK3","VTYESLTSGIVAIHSGFK",3,"y12",1,"L","NAT",1,"CPTAC_CCRCC_W_JHU_20190112_LUMOS_C3L-00418_NAT",42389.44141
"Q5HYK3","VTYESLTSGIVAIHSGFK",3,"y10",1,"L","NAT",1,"CPTAC_CCRCC_W_JHU_20190112_LUMOS_C3L-00418_NAT",74890.30469
"Q5HYK3","VTYESLTSGIVAIHSGFK",3,"y5",1,"L","NAT",1,"CPTAC_CCRCC_W_JHU_20190112_LUMOS_C3L-00418_NAT",127722.9297
"Q5HYK3","VTYESLTSGIVAIHSGFK",3,"y16",2,"L","NAT",1,"CPTAC_CCRCC_W_JHU_20190112_LUMOS_C3L-00418_NAT",2106.9104
"Q5HYK3","VTYESLTSGIVAIHSGFK",3,"y4",1,"L","NAT",1,"CPTAC_CCRCC_W_JHU_20190112_LUMOS_C3L-00418_NAT",101314.9453
"Q5HYK3","VTYESLTSGIVAIHSGFK",3,"y8",1,"L","NAT",5,"CPTAC_CCRCC_W_JHU_20190112_LUMOS_C3N-00733_NAT",147392.0469
"Q5HYK3","VTYESLTSGIVAIHSGFK",3,"y7",1,"L","NAT",5,"CPTAC_CCRCC_W_JHU_20190112_LUMOS_C3N-00733_NAT",96322.78125
"Q5HYK3","VTYESLTSGIVAIHSGFK",3,"y11",1,"L","NAT",5,"CPTAC_CCRCC_W_JHU_20190112_LUMOS_C3N-00733_NAT",55610.44922
"Q5HYK3","VTYESLTSGIVAIHSGFK",3,"y12",1,"L","NAT",5,"CPTAC_CCRCC_W_JHU_20190112_LUMOS_C3N-00733_NAT",54611.32422
"Q5HYK3","VTYESLTSGIVAIHSGFK",3,"y10",1,"L","NAT",5,"CPTAC_CCRCC_W_JHU_20190112_LUMOS_C3N-00733_NAT",51185.72266
"Q5HYK3","VTYESLTSGIVAIHSGFK",3,"y5",1,"L","NAT",5,"CPTAC_CCRCC_W_JHU_20190112_LUMOS_C3N-00733_NAT",107004.4922
"Q5HYK3","VTYESLTSGIVAIHSGFK",3,"y16",2,"L","NAT",5,"CPTAC_CCRCC_W_JHU_20190112_LUMOS_C3N-00733_NAT",1847.474609
"Q5HYK3","VTYESLTSGIVAIHSGFK",3,"y12",2,"L","NAT",5,"CPTAC_CCRCC_W_JHU_20190112_LUMOS_C3N-00733_NAT",2070.520996
"Q5HYK3","VTYESLTSGIVAIHSGFK",3,"y6",1,"L","NAT",5,"CPTAC_CCRCC_W_JHU_20190112_LUMOS_C3N-00733_NAT",103379.9219
"Q5HYK3","VTYESLTSGIVAIHSGFK",3,"y4",1,"L","NAT",5,"CPTAC_CCRCC_W_JHU_20190112_LUMOS_C3N-00733_NAT",94630.46875
"Q5HYK3","VTYESLTSGIVAIHSGFK",3,"y15",2,"L","NAT",5,"CPTAC_CCRCC_W_JHU_20190112_LUMOS_C3N-00733_NAT",11964.66309
"Q5HYK3","VTYESLTSGIVAIHSGFK",3,"y8",1,"L","T",5,"CPTAC_CCRCC_W_JHU_20190112_LUMOS_C3N-00733_T",18473.37891
"Q5HYK3","VTYESLTSGIVAIHSGFK",3,"y7",1,"L","T",5,"CPTAC_CCRCC_W_JHU_20190112_LUMOS_C3N-00733_T",9867.15625
"Q5HYK3","VTYESLTSGIVAIHSGFK",3,"y11",1,"L","T",5,"CPTAC_CCRCC_W_JHU_20190112_LUMOS_C3N-00733_T",1560.653198
"Q5HYK3","VTYESLTSGIVAIHSGFK",3,"y12",1,"L","T",5,"CPTAC_CCRCC_W_JHU_20190112_LUMOS_C3N-00733_T",5562.068848
"Q5HYK3","VTYESLTSGIVAIHSGFK",3,"y10",1,"L","T",5,"CPTAC_CCRCC_W_JHU_20190112_LUMOS_C3N-00733_T",5758.847656
"Q5HYK3","VTYESLTSGIVAIHSGFK",3,"y5",1,"L","T",5,"CPTAC_CCRCC_W_JHU_20190112_LUMOS_C3N-00733_T",23553.72852
"Q5HYK3","VTYESLTSGIVAIHSGFK",3,"y6",1,"L","T",5,"CPTAC_CCRCC_W_JHU_20190112_LUMOS_C3N-00733_T",8191.17334
"Q5HYK3","VTYESLTSGIVAIHSGFK",3,"y4",1,"L","T",5,"CPTAC_CCRCC_W_JHU_20190112_LUMOS_C3N-00733_T",21993.39453
"Q5HYK3","VTYESLTSGIVAIHSGFK",3,"y15",2,"L","T",5,"CPTAC_CCRCC_W_JHU_20190112_LUMOS_C3N-00733_T",4824.041992
"Q5HYK3","VTYESLTSGIVAIHSGFK",3,"y8",1,"L","NAT",3,"CPTAC_CCRCC_W_JHU_20190112_LUMOS_C3L-01882_NAT",123783.9688
"Q5HYK3","VTYESLTSGIVAIHSGFK",3,"y7",1,"L","NAT",3,"CPTAC_CCRCC_W_JHU_20190112_LUMOS_C3L-01882_NAT",638547.5625
"Q5HYK3","VTYESLTSGIVAIHSGFK",3,"y11",1,"L","NAT",3,"CPTAC_CCRCC_W_JHU_20190112_LUMOS_C3L-01882_NAT",78414.38281
"Q5HYK3","VTYESLTSGIVAIHSGFK",3,"y12",1,"L","NAT",3,"CPTAC_CCRCC_W_JHU_20190112_LUMOS_C3L-01882_NAT",51687.54297
"Q5HYK3","VTYESLTSGIVAIHSGFK",3,"y10",1,"L","NAT",3,"CPTAC_CCRCC_W_JHU_20190112_LUMOS_C3L-01882_NAT",35454.37109
"Q5HYK3","VTYESLTSGIVAIHSGFK",3,"y5",1,"L","NAT",3,"CPTAC_CCRCC_W_JHU_20190112_LUMOS_C3L-01882_NAT",207689.9531
"Q5HYK3","VTYESLTSGIVAIHSGFK",3,"y6",1,"L","NAT",3,"CPTAC_CCRCC_W_JHU_20190112_LUMOS_C3L-01882_NAT",51868.46094
"Q5HYK3","VTYESLTSGIVAIHSGFK",3,"y4",1,"L","NAT",3,"CPTAC_CCRCC_W_JHU_20190112_LUMOS_C3L-01882_NAT",197327.4062
"Q5HYK3","VTYESLTSGIVAIHSGFK",3,"y7",1,"L","T",2,"CPTAC_CCRCC_W_JHU_20190112_LUMOS_C3L-00606_T",596201.9375
"Q5HYK3","VTYESLTSGIVAIHSGFK",3,"y11",1,"L","T",2,"CPTAC_CCRCC_W_JHU_20190112_LUMOS_C3L-00606_T",19590.16992
"Q5HYK3","VTYESLTSGIVAIHSGFK",3,"y12",1,"L","T",2,"CPTAC_CCRCC_W_JHU_20190112_LUMOS_C3L-00606_T",11466.31543
"Q5HYK3","VTYESLTSGIVAIHSGFK",3,"y5",1,"L","T",2,"CPTAC_CCRCC_W_JHU_20190112_LUMOS_C3L-00606_T",75815.53906
"Q5HYK3","VTYESLTSGIVAIHSGFK",3,"y12",2,"L","T",2,"CPTAC_CCRCC_W_JHU_20190112_LUMOS_C3L-00606_T",8858.425781
"Q5HYK3","VTYESLTSGIVAIHSGFK",3,"y6",1,"L","T",2,"CPTAC_CCRCC_W_JHU_20190112_LUMOS_C3L-00606_T",64622.28516
"Q5HYK3","VTYESLTSGIVAIHSGFK",3,"y4",1,"L","T",2,"CPTAC_CCRCC_W_JHU_20190112_LUMOS_C3L-00606_T",131361.7969
"Q5HYK3","VTYESLTSGIVAIHSGFK",3,"y8",1,"L","NAT",2,"CPTAC_CCRCC_W_JHU_20190112_LUMOS_C3L-00606_NAT",59259.03516
"Q5HYK3","VTYESLTSGIVAIHSGFK",3,"y7",1,"L","NAT",2,"CPTAC_CCRCC_W_JHU_20190112_LUMOS_C3L-00606_NAT",264269.2812
"Q5HYK3","VTYESLTSGIVAIHSGFK",3,"y11",1,"L","NAT",2,"CPTAC_CCRCC_W_JHU_20190112_LUMOS_C3L-00606_NAT",35436.83203
"Q5HYK3","VTYESLTSGIVAIHSGFK",3,"y12",1,"L","NAT",2,"CPTAC_CCRCC_W_JHU_20190112_LUMOS_C3L-00606_NAT",25699.53516
"Q5HYK3","VTYESLTSGIVAIHSGFK",3,"y10",1,"L","NAT",2,"CPTAC_CCRCC_W_JHU_20190112_LUMOS_C3L-00606_NAT",25282.87695
"Q5HYK3","VTYESLTSGIVAIHSGFK",3,"y5",1,"L","NAT",2,"CPTAC_CCRCC_W_JHU_20190112_LUMOS_C3L-00606_NAT",117872.2734
"Q5HYK3","VTYESLTSGIVAIHSGFK",3,"y6",1,"L","NAT",2,"CPTAC_CCRCC_W_JHU_20190112_LUMOS_C3L-00606_NAT",49026.72656
"Q5HYK3","VTYESLTSGIVAIHSGFK",3,"y4",1,"L","NAT",2,"CPTAC_CCRCC_W_JHU_20190112_LUMOS_C3L-00606_NAT",149435.0312
